frame,source,multiplier,emission_strength,light_energy
0,open_neon:MAT_OpenNeon_N_film,0.946884,5.113174,14.203260
1,open_neon:MAT_OpenNeon_N_film,0.978222,5.282399,14.673330
2,open_neon:MAT_OpenNeon_N_film,0.976047,5.270654,14.640705
3,open_neon:MAT_OpenNeon_N_film,0.985970,5.324238,14.789550
4,open_neon:MAT_OpenNeon_N_film,0.959863,5.183260,14.397945
5,open_neon:MAT_OpenNeon_N_film,0.924357,4.991528,13.865355
6,open_neon:MAT_OpenNeon_N_film,0.939432,5.072933,14.091480
7,open_neon:MAT_OpenNeon_N_film,0.984579,5.316727,14.768685
8,open_neon:MAT_OpenNeon_N_film,0.922298,4.980409,13.834470
9,open_neon:MAT_OpenNeon_N_film,0.933022,5.038319,13.995330
10,open_neon:MAT_OpenNeon_N_film,0.929246,5.017928,13.938690
11,open_neon:MAT_OpenNeon_N_film,0.940939,5.081071,14.114085
12,open_neon:MAT_OpenNeon_N_film,0.987325,5.331555,14.809875
13,open_neon:MAT_OpenNeon_N_film,0.982533,5.305678,14.737995
14,open_neon:MAT_OpenNeon_N_film,0.955605,5.160267,14.334075
15,open_neon:MAT_OpenNeon_N_film,0.966294,5.217988,14.494410
16,open_neon:MAT_OpenNeon_N_film,0.978166,5.282096,14.672490
17,open_neon:MAT_OpenNeon_N_film,0.972210,5.249934,14.583150
18,open_neon:MAT_OpenNeon_N_film,0.988493,5.337862,14.827395
19,open_neon:MAT_OpenNeon_N_film,0.988390,5.337306,14.825850
20,open_neon:MAT_OpenNeon_N_film,0.974852,5.264201,14.622780
21,open_neon:MAT_OpenNeon_N_film,0.927166,5.006696,13.907490
22,open_neon:MAT_OpenNeon_N_film,0.937667,5.063402,14.065005
23,open_neon:MAT_OpenNeon_N_film,0.931050,5.027670,13.965750
24,open_neon:MAT_OpenNeon_N_film,0.947304,5.115442,14.209560
25,open_neon:MAT_OpenNeon_N_film,0.943411,5.094419,14.151165
26,open_neon:MAT_OpenNeon_N_film,0.978641,5.284661,14.679615
27,open_neon:MAT_OpenNeon_N_film,0.951273,5.136874,14.269095
28,open_neon:MAT_OpenNeon_N_film,0.961630,5.192802,14.424450
29,open_neon:MAT_OpenNeon_N_film,0.974144,5.260378,14.612160
30,open_neon:MAT_OpenNeon_N_film,0.976524,5.273230,14.647860
31,open_neon:MAT_OpenNeon_N_film,0.987988,5.335135,14.819820
32,open_neon:MAT_OpenNeon_N_film,0.977006,5.275832,14.655090
33,open_neon:MAT_OpenNeon_N_film,0.963544,5.203138,14.453160
34,open_neon:MAT_OpenNeon_N_film,0.953165,5.147091,14.297475
35,open_neon:MAT_OpenNeon_N_film,0.942519,5.089603,14.137785
36,open_neon:MAT_OpenNeon_N_film,0.982707,5.306618,14.740605
37,open_neon:MAT_OpenNeon_N_film,0.980140,5.292756,14.702100
38,open_neon:MAT_OpenNeon_N_film,0.920745,4.972023,13.811175
39,open_neon:MAT_OpenNeon_N_film,0.744253,4.018966,11.163795
40,open_neon:MAT_OpenNeon_N_film,0.932630,5.036202,13.989450
41,open_neon:MAT_OpenNeon_N_film,0.968912,5.232125,14.533680
42,open_neon:MAT_OpenNeon_N_film,0.979041,5.286821,14.685615
43,open_neon:MAT_OpenNeon_N_film,0.979167,5.287502,14.687505
44,open_neon:MAT_OpenNeon_N_film,0.979227,5.287826,14.688405
45,open_neon:MAT_OpenNeon_N_film,0.973159,5.255059,14.597385
46,open_neon:MAT_OpenNeon_N_film,0.948887,5.123990,14.233305
47,open_neon:MAT_OpenNeon_N_film,0.946133,5.109118,14.191995
48,open_neon:MAT_OpenNeon_N_film,0.933365,5.040171,14.000475
49,open_neon:MAT_OpenNeon_N_film,0.925992,5.000357,13.889880
50,open_neon:MAT_OpenNeon_N_film,0.981636,5.300834,14.724540
51,open_neon:MAT_OpenNeon_N_film,0.962845,5.199363,14.442675
52,open_neon:MAT_OpenNeon_N_film,0.989164,5.341486,14.837460
53,open_neon:MAT_OpenNeon_N_film,0.923335,4.986009,13.850025
54,open_neon:MAT_OpenNeon_N_film,0.977348,5.277679,14.660220
55,open_neon:MAT_OpenNeon_N_film,0.933356,5.040122,14.000340
56,open_neon:MAT_OpenNeon_N_film,0.969918,5.237557,14.548770
57,open_neon:MAT_OpenNeon_N_film,0.987648,5.333299,14.814720
58,open_neon:MAT_OpenNeon_N_film,0.984273,5.315074,14.764095
59,open_neon:MAT_OpenNeon_N_film,0.977617,5.279132,14.664255
60,open_neon:MAT_OpenNeon_N_film,0.955819,5.161423,14.337285
61,open_neon:MAT_OpenNeon_N_film,0.985908,5.323903,14.788620
62,open_neon:MAT_OpenNeon_N_film,0.977185,5.276799,14.657775
63,open_neon:MAT_OpenNeon_N_film,0.945195,5.104053,14.177925
64,open_neon:MAT_OpenNeon_N_film,0.984525,5.316435,14.767875
65,open_neon:MAT_OpenNeon_N_film,0.939647,5.074094,14.094705
66,open_neon:MAT_OpenNeon_N_film,0.960297,5.185604,14.404455
67,open_neon:MAT_OpenNeon_N_film,0.977916,5.280746,14.668740
68,open_neon:MAT_OpenNeon_N_film,0.934343,5.045452,14.015145
69,open_neon:MAT_OpenNeon_N_film,0.965073,5.211394,14.476095
70,open_neon:MAT_OpenNeon_N_film,0.977127,5.276486,14.656905
71,open_neon:MAT_OpenNeon_N_film,0.938790,5.069466,14.081850
72,open_neon:MAT_OpenNeon_N_film,0.943876,5.096930,14.158140
73,open_neon:MAT_OpenNeon_N_film,0.920216,4.969166,13.803240
74,open_neon:MAT_OpenNeon_N_film,0.968690,5.230926,14.530350
75,open_neon:MAT_OpenNeon_N_film,0.938861,5.069849,14.082915
76,open_neon:MAT_OpenNeon_N_film,0.978509,5.283949,14.677635
77,open_neon:MAT_OpenNeon_N_film,0.962983,5.200108,14.444745
78,open_neon:MAT_OpenNeon_N_film,0.978737,5.285180,14.681055
79,open_neon:MAT_OpenNeon_N_film,0.941334,5.083204,14.120010
80,open_neon:MAT_OpenNeon_N_film,0.952620,5.144148,14.289300
81,open_neon:MAT_OpenNeon_N_film,0.979296,5.288198,14.689440
82,open_neon:MAT_OpenNeon_N_film,0.933188,5.039215,13.997820
83,open_neon:MAT_OpenNeon_N_film,0.985144,5.319778,14.777160
84,open_neon:MAT_OpenNeon_N_film,0.957099,5.168335,14.356485
85,open_neon:MAT_OpenNeon_N_film,0.960180,5.184972,14.402700
86,open_neon:MAT_OpenNeon_N_film,0.941637,5.084840,14.124555
87,open_neon:MAT_OpenNeon_N_film,0.925135,4.995729,13.877025
88,open_neon:MAT_OpenNeon_N_film,0.959632,5.182013,14.394480
89,open_neon:MAT_OpenNeon_N_film,0.922395,4.980933,13.835925
90,open_neon:MAT_OpenNeon_N_film,0.927564,5.008846,13.913460
91,open_neon:MAT_OpenNeon_N_film,0.981986,5.302724,14.729790
92,open_neon:MAT_OpenNeon_N_film,0.973421,5.256473,14.601315
93,open_neon:MAT_OpenNeon_N_film,0.986289,5.325961,14.794335
94,open_neon:MAT_OpenNeon_N_film,0.943153,5.093026,14.147295
95,open_neon:MAT_OpenNeon_N_film,0.966977,5.221676,14.504655
96,open_neon:MAT_OpenNeon_N_film,0.942441,5.089181,14.136615
97,open_neon:MAT_OpenNeon_N_film,0.956611,5.165699,14.349165
98,open_neon:MAT_OpenNeon_N_film,0.942991,5.092151,14.144865
99,open_neon:MAT_OpenNeon_N_film,0.977046,5.276048,14.655690
100,open_neon:MAT_OpenNeon_N_film,0.925102,4.995551,13.876530
101,open_neon:MAT_OpenNeon_N_film,0.939734,5.074564,14.096010
102,open_neon:MAT_OpenNeon_N_film,0.939002,5.070611,14.085030
103,open_neon:MAT_OpenNeon_N_film,0.674230,3.640842,10.113450
104,open_neon:MAT_OpenNeon_N_film,0.934321,5.045333,14.014815
105,open_neon:MAT_OpenNeon_N_film,0.979845,5.291163,14.697675
106,open_neon:MAT_OpenNeon_N_film,0.984083,5.314048,14.761245
107,open_neon:MAT_OpenNeon_N_film,0.944684,5.101294,14.170260
108,open_neon:MAT_OpenNeon_N_film,0.953545,5.149143,14.303175
109,open_neon:MAT_OpenNeon_N_film,0.933940,5.043276,14.009100
110,open_neon:MAT_OpenNeon_N_film,0.961399,5.191555,14.420985
111,open_neon:MAT_OpenNeon_N_film,0.932847,5.037374,13.992705
112,open_neon:MAT_OpenNeon_N_film,0.933375,5.040225,14.000625
113,open_neon:MAT_OpenNeon_N_film,0.945750,5.107050,14.186250
114,open_neon:MAT_OpenNeon_N_film,0.937349,5.061685,14.060235
115,open_neon:MAT_OpenNeon_N_film,0.934802,5.047931,14.022030
116,open_neon:MAT_OpenNeon_N_film,0.935602,5.052251,14.034030
117,open_neon:MAT_OpenNeon_N_film,0.972407,5.250998,14.586105
118,open_neon:MAT_OpenNeon_N_film,0.986724,5.328310,14.800860
119,open_neon:MAT_OpenNeon_N_film,0.922136,4.979534,13.832040
120,open_neon:MAT_OpenNeon_N_film,0.968174,5.228140,14.522610
121,open_neon:MAT_OpenNeon_N_film,0.964710,5.209434,14.470650
122,open_neon:MAT_OpenNeon_N_film,0.973089,5.254681,14.596335
123,open_neon:MAT_OpenNeon_N_film,0.943150,5.093010,14.147250
124,open_neon:MAT_OpenNeon_N_film,0.973785,5.258439,14.606775
125,open_neon:MAT_OpenNeon_N_film,0.979962,5.291795,14.699430
126,open_neon:MAT_OpenNeon_N_film,0.977525,5.278635,14.662875
127,open_neon:MAT_OpenNeon_N_film,0.921673,4.977034,13.825095
128,open_neon:MAT_OpenNeon_N_film,0.934806,5.047952,14.022090
129,open_neon:MAT_OpenNeon_N_film,0.964185,5.206599,14.462775
130,open_neon:MAT_OpenNeon_N_film,0.964182,5.206583,14.462730
131,open_neon:MAT_OpenNeon_N_film,0.940907,5.080898,14.113605
132,open_neon:MAT_OpenNeon_N_film,0.944346,5.099468,14.165190
133,open_neon:MAT_OpenNeon_N_film,0.979627,5.289986,14.694405
134,open_neon:MAT_OpenNeon_N_film,0.952455,5.143257,14.286825
135,open_neon:MAT_OpenNeon_N_film,0.929085,5.017059,13.936275
136,open_neon:MAT_OpenNeon_N_film,0.954154,5.152432,14.312310
137,open_neon:MAT_OpenNeon_N_film,0.989089,5.341081,14.836335
138,open_neon:MAT_OpenNeon_N_film,0.975789,5.269261,14.636835
139,open_neon:MAT_OpenNeon_N_film,0.973383,5.256268,14.600745
140,open_neon:MAT_OpenNeon_N_film,0.926755,5.004477,13.901325
141,open_neon:MAT_OpenNeon_N_film,0.978001,5.281205,14.670015
142,open_neon:MAT_OpenNeon_N_film,0.946168,5.109307,14.192520
143,open_neon:MAT_OpenNeon_N_film,0.976516,5.273186,14.647740
144,open_neon:MAT_OpenNeon_N_film,0.923900,4.989060,13.858500
145,open_neon:MAT_OpenNeon_N_film,0.988341,5.337041,14.825115
146,open_neon:MAT_OpenNeon_N_film,0.980596,5.295218,14.708940
147,open_neon:MAT_OpenNeon_N_film,0.989285,5.342139,14.839275
148,open_neon:MAT_OpenNeon_N_film,0.923080,4.984632,13.846200
149,open_neon:MAT_OpenNeon_N_film,0.982968,5.308027,14.744520
150,open_neon:MAT_OpenNeon_N_film,0.934132,5.044313,14.011980
151,open_neon:MAT_OpenNeon_N_film,0.922944,4.983898,13.844160
152,open_neon:MAT_OpenNeon_N_film,0.926189,5.001421,13.892835
153,open_neon:MAT_OpenNeon_N_film,0.985070,5.319378,14.776050
154,open_neon:MAT_OpenNeon_N_film,0.964183,5.206588,14.462745
155,open_neon:MAT_OpenNeon_N_film,0.982552,5.305781,14.738280
156,open_neon:MAT_OpenNeon_N_film,0.931203,5.028496,13.968045
157,open_neon:MAT_OpenNeon_N_film,0.975022,5.265119,14.625330
158,open_neon:MAT_OpenNeon_N_film,0.962385,5.196879,14.435775
159,open_neon:MAT_OpenNeon_N_film,0.927373,5.007814,13.910595
160,open_neon:MAT_OpenNeon_N_film,0.933536,5.041094,14.003040
161,open_neon:MAT_OpenNeon_N_film,0.982617,5.306132,14.739255
162,open_neon:MAT_OpenNeon_N_film,0.985890,5.323806,14.788350
163,open_neon:MAT_OpenNeon_N_film,0.978617,5.284532,14.679255
164,open_neon:MAT_OpenNeon_N_film,0.943628,5.095591,14.154420
165,open_neon:MAT_OpenNeon_N_film,0.937680,5.063472,14.065200
166,open_neon:MAT_OpenNeon_N_film,0.937739,5.063791,14.066085
167,open_neon:MAT_OpenNeon_N_film,0.936335,5.056209,14.045025
168,open_neon:MAT_OpenNeon_N_film,0.962523,5.197624,14.437845
169,open_neon:MAT_OpenNeon_N_film,0.987732,5.333753,14.815980
170,open_neon:MAT_OpenNeon_N_film,0.939531,5.073467,14.092965
171,open_neon:MAT_OpenNeon_N_film,0.954333,5.153398,14.314995
172,open_neon:MAT_OpenNeon_N_film,0.946698,5.112169,14.200470
173,open_neon:MAT_OpenNeon_N_film,0.988212,5.336345,14.823180
174,open_neon:MAT_OpenNeon_N_film,0.920252,4.969361,13.803780
175,open_neon:MAT_OpenNeon_N_film,0.985637,5.322440,14.784555
176,open_neon:MAT_OpenNeon_N_film,0.981193,5.298442,14.717895
177,open_neon:MAT_OpenNeon_N_film,0.977879,5.280547,14.668185
178,open_neon:MAT_OpenNeon_N_film,0.931751,5.031455,13.976265
179,open_neon:MAT_OpenNeon_N_film,0.925893,4.999822,13.888395
180,open_neon:MAT_OpenNeon_N_film,0.924905,4.994487,13.873575
181,open_neon:MAT_OpenNeon_N_film,0.983041,5.308421,14.745615
182,open_neon:MAT_OpenNeon_N_film,0.950695,5.133753,14.260425
183,open_neon:MAT_OpenNeon_N_film,0.985038,5.319205,14.775570
184,open_neon:MAT_OpenNeon_N_film,0.922299,4.980415,13.834485
185,open_neon:MAT_OpenNeon_N_film,0.986003,5.324416,14.790045
186,open_neon:MAT_OpenNeon_N_film,0.921901,4.978265,13.828515
187,open_neon:MAT_OpenNeon_N_film,0.923052,4.984481,13.845780
188,open_neon:MAT_OpenNeon_N_film,0.961316,5.191106,14.419740
189,open_neon:MAT_OpenNeon_N_film,0.940714,5.079856,14.110710
190,open_neon:MAT_OpenNeon_N_film,0.985760,5.323104,14.786400
191,open_neon:MAT_OpenNeon_N_film,0.973757,5.258288,14.606355
192,open_neon:MAT_OpenNeon_N_film,0.963877,5.204936,14.458155
193,open_neon:MAT_OpenNeon_N_film,0.944637,5.101040,14.169555
194,open_neon:MAT_OpenNeon_N_film,0.960434,5.186344,14.406510
195,open_neon:MAT_OpenNeon_N_film,0.974923,5.264584,14.623845
196,open_neon:MAT_OpenNeon_N_film,0.950364,5.131966,14.255460
197,open_neon:MAT_OpenNeon_N_film,0.977164,5.276686,14.657460
198,open_neon:MAT_OpenNeon_N_film,0.923274,4.985680,13.849110
199,open_neon:MAT_OpenNeon_N_film,0.661390,3.571506,9.920850
200,open_neon:MAT_OpenNeon_N_film,0.920990,4.973346,13.814850
201,open_neon:MAT_OpenNeon_N_film,0.985959,5.324179,14.789385
202,open_neon:MAT_OpenNeon_N_film,0.986531,5.327267,14.797965
203,open_neon:MAT_OpenNeon_N_film,0.968058,5.227513,14.520870
204,open_neon:MAT_OpenNeon_N_film,0.987925,5.334795,14.818875
205,open_neon:MAT_OpenNeon_N_film,0.986063,5.324740,14.790945
206,open_neon:MAT_OpenNeon_N_film,0.974650,5.263110,14.619750
207,open_neon:MAT_OpenNeon_N_film,0.948851,5.123795,14.232765
208,open_neon:MAT_OpenNeon_N_film,0.985787,5.323250,14.786805
209,open_neon:MAT_OpenNeon_N_film,0.934224,5.044810,14.013360
210,open_neon:MAT_OpenNeon_N_film,0.732336,3.954614,10.985040
211,open_neon:MAT_OpenNeon_N_film,0.984062,5.313935,14.760930
212,open_neon:MAT_OpenNeon_N_film,0.980943,5.297092,14.714145
213,open_neon:MAT_OpenNeon_N_film,0.972584,5.251954,14.588760
214,open_neon:MAT_OpenNeon_N_film,0.974194,5.260648,14.612910
215,open_neon:MAT_OpenNeon_N_film,0.957550,5.170770,14.363250
216,open_neon:MAT_OpenNeon_N_film,0.973015,5.254281,14.595225
217,open_neon:MAT_OpenNeon_N_film,0.958427,5.175506,14.376405
218,open_neon:MAT_OpenNeon_N_film,0.932976,5.038070,13.994640
219,open_neon:MAT_OpenNeon_N_film,0.956265,5.163831,14.343975
220,open_neon:MAT_OpenNeon_N_film,0.938554,5.068192,14.078310
221,open_neon:MAT_OpenNeon_N_film,0.965468,5.213527,14.482020
222,open_neon:MAT_OpenNeon_N_film,0.977887,5.280590,14.668305
223,open_neon:MAT_OpenNeon_N_film,0.958403,5.175376,14.376045
224,open_neon:MAT_OpenNeon_N_film,0.934650,5.047110,14.019750
225,open_neon:MAT_OpenNeon_N_film,0.985032,5.319173,14.775480
226,open_neon:MAT_OpenNeon_N_film,0.987331,5.331587,14.809965
227,open_neon:MAT_OpenNeon_N_film,0.976537,5.273300,14.648055
228,open_neon:MAT_OpenNeon_N_film,0.926171,5.001323,13.892565
229,open_neon:MAT_OpenNeon_N_film,0.969215,5.233761,14.538225
230,open_neon:MAT_OpenNeon_N_film,0.953870,5.150898,14.308050
231,open_neon:MAT_OpenNeon_N_film,0.975253,5.266366,14.628795
232,open_neon:MAT_OpenNeon_N_film,0.940669,5.079613,14.110035
233,open_neon:MAT_OpenNeon_N_film,0.984479,5.316187,14.767185
234,open_neon:MAT_OpenNeon_N_film,0.955016,5.157086,14.325240
235,open_neon:MAT_OpenNeon_N_film,0.961762,5.193515,14.426430
236,open_neon:MAT_OpenNeon_N_film,0.941145,5.082183,14.117175
237,open_neon:MAT_OpenNeon_N_film,0.928386,5.013284,13.925790
238,open_neon:MAT_OpenNeon_N_film,0.965732,5.214953,14.485980
239,open_neon:MAT_OpenNeon_N_film,0.946567,5.111462,14.198505
240,open_neon:MAT_OpenNeon_N_film,0.954839,5.156131,14.322585
241,open_neon:MAT_OpenNeon_N_film,0.988248,5.336539,14.823720
242,open_neon:MAT_OpenNeon_N_film,0.978508,5.283943,14.677620
243,open_neon:MAT_OpenNeon_N_film,0.980098,5.292529,14.701470
244,open_neon:MAT_OpenNeon_N_film,0.950711,5.133839,14.260665
245,open_neon:MAT_OpenNeon_N_film,0.958499,5.175895,14.377485
246,open_neon:MAT_OpenNeon_N_film,0.934879,5.048347,14.023185
247,open_neon:MAT_OpenNeon_N_film,0.981680,5.301072,14.725200
248,open_neon:MAT_OpenNeon_N_film,0.934000,5.043600,14.010000
249,open_neon:MAT_OpenNeon_N_film,0.974545,5.262543,14.618175
250,open_neon:MAT_OpenNeon_N_film,0.691390,3.733506,10.370850
251,open_neon:MAT_OpenNeon_N_film,0.980159,5.292859,14.702385
252,open_neon:MAT_OpenNeon_N_film,0.952189,5.141821,14.282835
253,open_neon:MAT_OpenNeon_N_film,0.974780,5.263812,14.621700
254,open_neon:MAT_OpenNeon_N_film,0.976067,5.270762,14.641005
255,open_neon:MAT_OpenNeon_N_film,0.977264,5.277226,14.658960
256,open_neon:MAT_OpenNeon_N_film,0.954171,5.152523,14.312565
257,open_neon:MAT_OpenNeon_N_film,0.967965,5.227011,14.519475
258,open_neon:MAT_OpenNeon_N_film,0.931668,5.031007,13.975020
259,open_neon:MAT_OpenNeon_N_film,0.923925,4.989195,13.858875
260,open_neon:MAT_OpenNeon_N_film,0.982319,5.304523,14.734785
261,open_neon:MAT_OpenNeon_N_film,0.954468,5.154127,14.317020
262,open_neon:MAT_OpenNeon_N_film,0.937551,5.062775,14.063265
263,open_neon:MAT_OpenNeon_N_film,0.976620,5.273748,14.649300
264,open_neon:MAT_OpenNeon_N_film,0.968877,5.231936,14.533155
265,open_neon:MAT_OpenNeon_N_film,0.927637,5.009240,13.914555
266,open_neon:MAT_OpenNeon_N_film,0.987694,5.333548,14.815410
267,open_neon:MAT_OpenNeon_N_film,0.972338,5.250625,14.585070
268,open_neon:MAT_OpenNeon_N_film,0.978523,5.284024,14.677845
269,open_neon:MAT_OpenNeon_N_film,0.973018,5.254297,14.595270
270,open_neon:MAT_OpenNeon_N_film,0.973976,5.259470,14.609640
271,open_neon:MAT_OpenNeon_N_film,0.964083,5.206048,14.461245
272,open_neon:MAT_OpenNeon_N_film,0.985815,5.323401,14.787225
273,open_neon:MAT_OpenNeon_N_film,0.968363,5.229160,14.525445
274,open_neon:MAT_OpenNeon_N_film,0.965557,5.214008,14.483355
275,open_neon:MAT_OpenNeon_N_film,0.930007,5.022038,13.950105
276,open_neon:MAT_OpenNeon_N_film,0.953846,5.150768,14.307690
277,open_neon:MAT_OpenNeon_N_film,0.983252,5.309561,14.748780
278,open_neon:MAT_OpenNeon_N_film,0.938731,5.069147,14.080965
279,open_neon:MAT_OpenNeon_N_film,0.963210,5.201334,14.448150
280,open_neon:MAT_OpenNeon_N_film,0.983413,5.310430,14.751195
281,open_neon:MAT_OpenNeon_N_film,0.983015,5.308281,14.745225
282,open_neon:MAT_OpenNeon_N_film,0.943753,5.096266,14.156295
283,open_neon:MAT_OpenNeon_N_film,0.927202,5.006891,13.908030
284,open_neon:MAT_OpenNeon_N_film,0.959853,5.183206,14.397795
285,open_neon:MAT_OpenNeon_N_film,0.925502,4.997711,13.882530
286,open_neon:MAT_OpenNeon_N_film,0.923348,4.986079,13.850220
287,open_neon:MAT_OpenNeon_N_film,0.969065,5.232951,14.535975
288,open_neon:MAT_OpenNeon_N_film,0.955031,5.157167,14.325465
289,open_neon:MAT_OpenNeon_N_film,0.956202,5.163491,14.343030
290,open_neon:MAT_OpenNeon_N_film,0.942283,5.088328,14.134245
291,open_neon:MAT_OpenNeon_N_film,0.963693,5.203942,14.455395
292,open_neon:MAT_OpenNeon_N_film,0.928366,5.013176,13.925490
293,open_neon:MAT_OpenNeon_N_film,0.960603,5.187256,14.409045
294,open_neon:MAT_OpenNeon_N_film,0.972382,5.250863,14.585730
295,open_neon:MAT_OpenNeon_N_film,0.926710,5.004234,13.900650
296,open_neon:MAT_OpenNeon_N_film,0.951882,5.140163,14.278230
297,open_neon:MAT_OpenNeon_N_film,0.948935,5.124249,14.234025
298,open_neon:MAT_OpenNeon_N_film,0.964650,5.209110,14.469750
299,open_neon:MAT_OpenNeon_N_film,0.978532,5.284073,14.677980
300,open_neon:MAT_OpenNeon_N_film,0.954526,5.154440,14.317890
301,open_neon:MAT_OpenNeon_N_film,0.929876,5.021330,13.948140
302,open_neon:MAT_OpenNeon_N_film,0.936612,5.057705,14.049180
303,open_neon:MAT_OpenNeon_N_film,0.978325,5.282955,14.674875
304,open_neon:MAT_OpenNeon_N_film,0.963305,5.201847,14.449575
305,open_neon:MAT_OpenNeon_N_film,0.948120,5.119848,14.221800
306,open_neon:MAT_OpenNeon_N_film,0.938011,5.065259,14.070165
307,open_neon:MAT_OpenNeon_N_film,0.972124,5.249470,14.581860
308,open_neon:MAT_OpenNeon_N_film,0.982784,5.307034,14.741760
309,open_neon:MAT_OpenNeon_N_film,0.943863,5.096860,14.157945
310,open_neon:MAT_OpenNeon_N_film,0.985450,5.321430,14.781750
311,open_neon:MAT_OpenNeon_N_film,0.988681,5.338877,14.830215
312,open_neon:MAT_OpenNeon_N_film,0.973513,5.256970,14.602695
313,open_neon:MAT_OpenNeon_N_film,0.974215,5.260761,14.613225
314,open_neon:MAT_OpenNeon_N_film,0.960678,5.187661,14.410170
315,open_neon:MAT_OpenNeon_N_film,0.921336,4.975214,13.820040
316,open_neon:MAT_OpenNeon_N_film,0.934643,5.047072,14.019645
317,open_neon:MAT_OpenNeon_N_film,0.954886,5.156384,14.323290
318,open_neon:MAT_OpenNeon_N_film,0.975370,5.266998,14.630550
319,open_neon:MAT_OpenNeon_N_film,0.958509,5.175949,14.377635
320,open_neon:MAT_OpenNeon_N_film,0.963558,5.203213,14.453370
321,open_neon:MAT_OpenNeon_N_film,0.936450,5.056830,14.046750
322,open_neon:MAT_OpenNeon_N_film,0.973546,5.257148,14.603190
323,open_neon:MAT_OpenNeon_N_film,0.953288,5.147755,14.299320
324,open_neon:MAT_OpenNeon_N_film,0.979325,5.288355,14.689875
325,open_neon:MAT_OpenNeon_N_film,0.928909,5.016109,13.933635
326,open_neon:MAT_OpenNeon_N_film,0.976195,5.271453,14.642925
327,open_neon:MAT_OpenNeon_N_film,0.931854,5.032012,13.977810
328,open_neon:MAT_OpenNeon_N_film,0.978767,5.285342,14.681505
329,open_neon:MAT_OpenNeon_N_film,0.792077,4.277216,11.881155
330,open_neon:MAT_OpenNeon_N_film,0.984627,5.316986,14.769405
331,open_neon:MAT_OpenNeon_N_film,0.947922,5.118779,14.218830
332,open_neon:MAT_OpenNeon_N_film,0.979171,5.287523,14.687565
333,open_neon:MAT_OpenNeon_N_film,0.986390,5.326506,14.795850
334,open_neon:MAT_OpenNeon_N_film,0.766355,4.138317,11.495325
335,open_neon:MAT_OpenNeon_N_film,0.741618,4.004737,11.124270
336,open_neon:MAT_OpenNeon_N_film,0.975072,5.265389,14.626080
337,open_neon:MAT_OpenNeon_N_film,0.981106,5.297972,14.716590
338,open_neon:MAT_OpenNeon_N_film,0.951656,5.138942,14.274840
339,open_neon:MAT_OpenNeon_N_film,0.984591,5.316791,14.768865
340,open_neon:MAT_OpenNeon_N_film,0.951893,5.140222,14.278395
341,open_neon:MAT_OpenNeon_N_film,0.980707,5.295818,14.710605
342,open_neon:MAT_OpenNeon_N_film,0.969576,5.235710,14.543640
343,open_neon:MAT_OpenNeon_N_film,0.985329,5.320777,14.779935
344,open_neon:MAT_OpenNeon_N_film,0.976206,5.271512,14.643090
345,open_neon:MAT_OpenNeon_N_film,0.987234,5.331064,14.808510
346,open_neon:MAT_OpenNeon_N_film,0.715043,3.861232,10.725645
347,open_neon:MAT_OpenNeon_N_film,0.976629,5.273797,14.649435
348,open_neon:MAT_OpenNeon_N_film,0.977392,5.277917,14.660880
349,open_neon:MAT_OpenNeon_N_film,0.935600,5.052240,14.034000
350,open_neon:MAT_OpenNeon_N_film,0.968637,5.230640,14.529555
351,open_neon:MAT_OpenNeon_N_film,0.959170,5.179518,14.387550
352,open_neon:MAT_OpenNeon_N_film,0.956727,5.166326,14.350905
353,open_neon:MAT_OpenNeon_N_film,0.933932,5.043233,14.008980
354,open_neon:MAT_OpenNeon_N_film,0.978661,5.284769,14.679915
355,open_neon:MAT_OpenNeon_N_film,0.979976,5.291870,14.699640
356,open_neon:MAT_OpenNeon_N_film,0.980032,5.292173,14.700480
357,open_neon:MAT_OpenNeon_N_film,0.931238,5.028685,13.968570
358,open_neon:MAT_OpenNeon_N_film,0.961303,5.191036,14.419545
359,open_neon:MAT_OpenNeon_N_film,0.937464,5.062306,14.061960
360,open_neon:MAT_OpenNeon_N_film,0.945141,5.103761,14.177115
361,open_neon:MAT_OpenNeon_N_film,0.976204,5.271502,14.643060
362,open_neon:MAT_OpenNeon_N_film,0.946392,5.110517,14.195880
363,open_neon:MAT_OpenNeon_N_film,0.934878,5.048341,14.023170
364,open_neon:MAT_OpenNeon_N_film,0.931205,5.028507,13.968075
365,open_neon:MAT_OpenNeon_N_film,0.952249,5.142145,14.283735
366,open_neon:MAT_OpenNeon_N_film,0.929194,5.017648,13.937910
367,open_neon:MAT_OpenNeon_N_film,0.982864,5.307466,14.742960
368,open_neon:MAT_OpenNeon_N_film,0.924368,4.991587,13.865520
369,open_neon:MAT_OpenNeon_N_film,0.932291,5.034371,13.984365
370,open_neon:MAT_OpenNeon_N_film,0.981811,5.301779,14.727165
371,open_neon:MAT_OpenNeon_N_film,0.967964,5.227006,14.519460
372,open_neon:MAT_OpenNeon_N_film,0.966462,5.218895,14.496930
373,open_neon:MAT_OpenNeon_N_film,0.985903,5.323876,14.788545
374,open_neon:MAT_OpenNeon_N_film,0.965473,5.213554,14.482095
375,open_neon:MAT_OpenNeon_N_film,0.955726,5.160920,14.335890
376,open_neon:MAT_OpenNeon_N_film,0.985928,5.324011,14.788920
377,open_neon:MAT_OpenNeon_N_film,0.987357,5.331728,14.810355
378,open_neon:MAT_OpenNeon_N_film,0.983417,5.310452,14.751255
379,open_neon:MAT_OpenNeon_N_film,0.963357,5.202128,14.450355
380,open_neon:MAT_OpenNeon_N_film,0.958519,5.176003,14.377785
381,open_neon:MAT_OpenNeon_N_film,0.987505,5.332527,14.812575
382,open_neon:MAT_OpenNeon_N_film,0.939971,5.075843,14.099565
383,open_neon:MAT_OpenNeon_N_film,0.984395,5.315733,14.765925
384,open_neon:MAT_OpenNeon_N_film,0.955194,5.158048,14.327910
385,open_neon:MAT_OpenNeon_N_film,0.986965,5.329611,14.804475
386,open_neon:MAT_OpenNeon_N_film,0.942415,5.089041,14.136225
387,open_neon:MAT_OpenNeon_N_film,0.981532,5.300273,14.722980
388,open_neon:MAT_OpenNeon_N_film,0.980798,5.296309,14.711970
389,open_neon:MAT_OpenNeon_N_film,0.976251,5.271755,14.643765
390,open_neon:MAT_OpenNeon_N_film,0.975481,5.267597,14.632215
391,open_neon:MAT_OpenNeon_N_film,0.980717,5.295872,14.710755
392,open_neon:MAT_OpenNeon_N_film,0.972908,5.253703,14.593620
393,open_neon:MAT_OpenNeon_N_film,0.928246,5.012528,13.923690
394,open_neon:MAT_OpenNeon_N_film,0.932517,5.035592,13.987755
395,open_neon:MAT_OpenNeon_N_film,0.933386,5.040284,14.000790
396,open_neon:MAT_OpenNeon_N_film,0.986743,5.328412,14.801145
397,open_neon:MAT_OpenNeon_N_film,0.983451,5.310635,14.751765
398,open_neon:MAT_OpenNeon_N_film,0.944982,5.102903,14.174730
399,open_neon:MAT_OpenNeon_N_film,0.980538,5.294905,14.708070
400,open_neon:MAT_OpenNeon_N_film,0.952104,5.141362,14.281560
401,open_neon:MAT_OpenNeon_N_film,0.975524,5.267830,14.632860
402,open_neon:MAT_OpenNeon_N_film,0.962885,5.199579,14.443275
403,open_neon:MAT_OpenNeon_N_film,0.982436,5.305154,14.736540
404,open_neon:MAT_OpenNeon_N_film,0.977732,5.279753,14.665980
405,open_neon:MAT_OpenNeon_N_film,0.981192,5.298437,14.717880
406,open_neon:MAT_OpenNeon_N_film,0.952355,5.142717,14.285325
407,open_neon:MAT_OpenNeon_N_film,0.960802,5.188331,14.412030
408,open_neon:MAT_OpenNeon_N_film,0.978332,5.282993,14.674980
409,open_neon:MAT_OpenNeon_N_film,0.946864,5.113066,14.202960
410,open_neon:MAT_OpenNeon_N_film,0.980806,5.296352,14.712090
411,open_neon:MAT_OpenNeon_N_film,0.981421,5.299673,14.721315
412,open_neon:MAT_OpenNeon_N_film,0.948363,5.121160,14.225445
413,open_neon:MAT_OpenNeon_N_film,0.969872,5.237309,14.548080
414,open_neon:MAT_OpenNeon_N_film,0.921710,4.977234,13.825650
415,open_neon:MAT_OpenNeon_N_film,0.981680,5.301072,14.725200
416,open_neon:MAT_OpenNeon_N_film,0.978851,5.285795,14.682765
417,open_neon:MAT_OpenNeon_N_film,0.980538,5.294905,14.708070
418,open_neon:MAT_OpenNeon_N_film,0.979422,5.288879,14.691330
419,open_neon:MAT_OpenNeon_N_film,0.974953,5.264746,14.624295
420,open_neon:MAT_OpenNeon_N_film,0.956175,5.163345,14.342625
421,open_neon:MAT_OpenNeon_N_film,0.925587,4.998170,13.883805
422,open_neon:MAT_OpenNeon_N_film,0.973422,5.256479,14.601330
423,open_neon:MAT_OpenNeon_N_film,0.979814,5.290996,14.697210
424,open_neon:MAT_OpenNeon_N_film,0.979057,5.286908,14.685855
425,open_neon:MAT_OpenNeon_N_film,0.947923,5.118784,14.218845
426,open_neon:MAT_OpenNeon_N_film,0.981629,5.300797,14.724435
427,open_neon:MAT_OpenNeon_N_film,0.973890,5.259006,14.608350
428,open_neon:MAT_OpenNeon_N_film,0.974564,5.262646,14.618460
429,open_neon:MAT_OpenNeon_N_film,0.989196,5.341658,14.837940
430,open_neon:MAT_OpenNeon_N_film,0.979529,5.289457,14.692935
431,open_neon:MAT_OpenNeon_N_film,0.978226,5.282420,14.673390
432,open_neon:MAT_OpenNeon_N_film,0.959874,5.183320,14.398110
433,open_neon:MAT_OpenNeon_N_film,0.949010,5.124654,14.235150
434,open_neon:MAT_OpenNeon_N_film,0.936255,5.055777,14.043825
435,open_neon:MAT_OpenNeon_N_film,0.972911,5.253719,14.593665
436,open_neon:MAT_OpenNeon_N_film,0.954381,5.153657,14.315715
437,open_neon:MAT_OpenNeon_N_film,0.945774,5.107180,14.186610
438,open_neon:MAT_OpenNeon_N_film,0.972197,5.249864,14.582955
439,open_neon:MAT_OpenNeon_N_film,0.667155,3.602637,10.007325
440,open_neon:MAT_OpenNeon_N_film,0.977584,5.278954,14.663760
441,open_neon:MAT_OpenNeon_N_film,0.966434,5.218744,14.496510
442,open_neon:MAT_OpenNeon_N_film,0.986610,5.327694,14.799150
443,open_neon:MAT_OpenNeon_N_film,0.962818,5.199217,14.442270
444,open_neon:MAT_OpenNeon_N_film,0.950738,5.133985,14.261070
445,open_neon:MAT_OpenNeon_N_film,0.987109,5.330389,14.806635
446,open_neon:MAT_OpenNeon_N_film,0.984780,5.317812,14.771700
447,open_neon:MAT_OpenNeon_N_film,0.930805,5.026347,13.962075
448,open_neon:MAT_OpenNeon_N_film,0.988654,5.338732,14.829810
449,open_neon:MAT_OpenNeon_N_film,0.972220,5.249988,14.583300
450,open_neon:MAT_OpenNeon_N_film,0.925961,5.000189,13.889415
451,open_neon:MAT_OpenNeon_N_film,0.956304,5.164042,14.344560
452,open_neon:MAT_OpenNeon_N_film,0.931706,5.031212,13.975590
453,open_neon:MAT_OpenNeon_N_film,0.983952,5.313341,14.759280
454,open_neon:MAT_OpenNeon_N_film,0.959026,5.178740,14.385390
455,open_neon:MAT_OpenNeon_N_film,0.929706,5.020412,13.945590
456,open_neon:MAT_OpenNeon_N_film,0.973297,5.255804,14.599455
457,open_neon:MAT_OpenNeon_N_film,0.988814,5.339596,14.832210
458,open_neon:MAT_OpenNeon_N_film,0.976609,5.273689,14.649135
459,open_neon:MAT_OpenNeon_N_film,0.962842,5.199347,14.442630
460,open_neon:MAT_OpenNeon_N_film,0.935032,5.049173,14.025480
461,open_neon:MAT_OpenNeon_N_film,0.959487,5.181230,14.392305
462,open_neon:MAT_OpenNeon_N_film,0.961550,5.192370,14.423250
463,open_neon:MAT_OpenNeon_N_film,0.956579,5.165527,14.348685
464,open_neon:MAT_OpenNeon_N_film,0.972833,5.253298,14.592495
465,open_neon:MAT_OpenNeon_N_film,0.921272,4.974869,13.819080
466,open_neon:MAT_OpenNeon_N_film,0.947747,5.117834,14.216205
467,open_neon:MAT_OpenNeon_N_film,0.972974,5.254060,14.594610
468,open_neon:MAT_OpenNeon_N_film,0.941417,5.083652,14.121255
469,open_neon:MAT_OpenNeon_N_film,0.920633,4.971418,13.809495
470,open_neon:MAT_OpenNeon_N_film,0.974454,5.262052,14.616810
471,open_neon:MAT_OpenNeon_N_film,0.978538,5.284105,14.678070
472,open_neon:MAT_OpenNeon_N_film,0.938320,5.066928,14.074800
473,open_neon:MAT_OpenNeon_N_film,0.934888,5.048395,14.023320
474,open_neon:MAT_OpenNeon_N_film,0.978367,5.283182,14.675505
475,open_neon:MAT_OpenNeon_N_film,0.976213,5.271550,14.643195
476,open_neon:MAT_OpenNeon_N_film,0.732752,3.956861,10.991280
477,open_neon:MAT_OpenNeon_N_film,0.976340,5.272236,14.645100
478,open_neon:MAT_OpenNeon_N_film,0.987115,5.330421,14.806725
479,open_neon:MAT_OpenNeon_N_film,0.957726,5.171720,14.365890
480,open_neon:MAT_OpenNeon_N_film,0.945728,5.106931,14.185920
481,open_neon:MAT_OpenNeon_N_film,0.972736,5.252774,14.591040
482,open_neon:MAT_OpenNeon_N_film,0.944087,5.098070,14.161305
483,open_neon:MAT_OpenNeon_N_film,0.976880,5.275152,14.653200
484,open_neon:MAT_OpenNeon_N_film,0.968487,5.229830,14.527305
485,open_neon:MAT_OpenNeon_N_film,0.985122,5.319659,14.776830
486,open_neon:MAT_OpenNeon_N_film,0.953565,5.149251,14.303475
487,open_neon:MAT_OpenNeon_N_film,0.988884,5.339974,14.833260
488,open_neon:MAT_OpenNeon_N_film,0.985271,5.320463,14.779065
489,open_neon:MAT_OpenNeon_N_film,0.972603,5.252056,14.589045
490,open_neon:MAT_OpenNeon_N_film,0.922626,4.982180,13.839390
491,open_neon:MAT_OpenNeon_N_film,0.983722,5.312099,14.755830
492,open_neon:MAT_OpenNeon_N_film,0.976149,5.271205,14.642235
493,open_neon:MAT_OpenNeon_N_film,0.942833,5.091298,14.142495
494,open_neon:MAT_OpenNeon_N_film,0.957889,5.172601,14.368335
495,open_neon:MAT_OpenNeon_N_film,0.942236,5.088074,14.133540
496,open_neon:MAT_OpenNeon_N_film,0.963882,5.204963,14.458230
497,open_neon:MAT_OpenNeon_N_film,0.944390,5.099706,14.165850
498,open_neon:MAT_OpenNeon_N_film,0.974233,5.260858,14.613495
499,open_neon:MAT_OpenNeon_N_film,0.982852,5.307401,14.742780
500,open_neon:MAT_OpenNeon_N_film,0.972723,5.252704,14.590845
501,open_neon:MAT_OpenNeon_N_film,0.923415,4.986441,13.851225
502,open_neon:MAT_OpenNeon_N_film,0.972263,5.250220,14.583945
503,open_neon:MAT_OpenNeon_N_film,0.981318,5.299117,14.719770
504,open_neon:MAT_OpenNeon_N_film,0.983125,5.308875,14.746875
505,open_neon:MAT_OpenNeon_N_film,0.951817,5.139812,14.277255
506,open_neon:MAT_OpenNeon_N_film,0.974530,5.262462,14.617950
507,open_neon:MAT_OpenNeon_N_film,0.977202,5.276891,14.658030
508,open_neon:MAT_OpenNeon_N_film,0.922311,4.980479,13.834665
509,open_neon:MAT_OpenNeon_N_film,0.975781,5.269217,14.636715
510,open_neon:MAT_OpenNeon_N_film,0.986299,5.326015,14.794485
511,open_neon:MAT_OpenNeon_N_film,0.952660,5.144364,14.289900
512,open_neon:MAT_OpenNeon_N_film,0.945293,5.104582,14.179395
513,open_neon:MAT_OpenNeon_N_film,0.984302,5.315231,14.764530
514,open_neon:MAT_OpenNeon_N_film,0.987148,5.330599,14.807220
515,open_neon:MAT_OpenNeon_N_film,0.951365,5.137371,14.270475
516,open_neon:MAT_OpenNeon_N_film,0.939353,5.072506,14.090295
517,open_neon:MAT_OpenNeon_N_film,0.945402,5.105171,14.181030
518,open_neon:MAT_OpenNeon_N_film,0.968090,5.227686,14.521350
519,open_neon:MAT_OpenNeon_N_film,0.947893,5.118622,14.218395
520,open_neon:MAT_OpenNeon_N_film,0.921799,4.977715,13.826985
521,open_neon:MAT_OpenNeon_N_film,0.989417,5.342852,14.841255
522,open_neon:MAT_OpenNeon_N_film,0.924625,4.992975,13.869375
523,open_neon:MAT_OpenNeon_N_film,0.984337,5.315420,14.765055
524,open_neon:MAT_OpenNeon_N_film,0.954317,5.153312,14.314755
525,open_neon:MAT_OpenNeon_N_film,0.941436,5.083754,14.121540
526,open_neon:MAT_OpenNeon_N_film,0.951773,5.139574,14.276595
527,open_neon:MAT_OpenNeon_N_film,0.950028,5.130151,14.250420
528,open_neon:MAT_OpenNeon_N_film,0.982634,5.306224,14.739510
529,open_neon:MAT_OpenNeon_N_film,0.925367,4.996982,13.880505
530,open_neon:MAT_OpenNeon_N_film,0.933586,5.041364,14.003790
531,open_neon:MAT_OpenNeon_N_film,0.972700,5.252580,14.590500
532,open_neon:MAT_OpenNeon_N_film,0.984552,5.316581,14.768280
533,open_neon:MAT_OpenNeon_N_film,0.938981,5.070497,14.084715
534,open_neon:MAT_OpenNeon_N_film,0.949854,5.129212,14.247810
535,open_neon:MAT_OpenNeon_N_film,0.941695,5.085153,14.125425
536,open_neon:MAT_OpenNeon_N_film,0.932550,5.035770,13.988250
537,open_neon:MAT_OpenNeon_N_film,0.977742,5.279807,14.666130
538,open_neon:MAT_OpenNeon_N_film,0.936267,5.055842,14.044005
539,open_neon:MAT_OpenNeon_N_film,0.982841,5.307341,14.742615
540,open_neon:MAT_OpenNeon_N_film,0.973569,5.257273,14.603535
541,open_neon:MAT_OpenNeon_N_film,0.979394,5.288728,14.690910
542,open_neon:MAT_OpenNeon_N_film,0.967003,5.221816,14.505045
543,open_neon:MAT_OpenNeon_N_film,0.986174,5.325340,14.792610
544,open_neon:MAT_OpenNeon_N_film,0.929483,5.019208,13.942245
545,open_neon:MAT_OpenNeon_N_film,0.983814,5.312596,14.757210
546,open_neon:MAT_OpenNeon_N_film,0.937856,5.064422,14.067840
547,open_neon:MAT_OpenNeon_N_film,0.966502,5.219111,14.497530
548,open_neon:MAT_OpenNeon_N_film,0.956215,5.163561,14.343225
549,open_neon:MAT_OpenNeon_N_film,0.987228,5.331031,14.808420
550,open_neon:MAT_OpenNeon_N_film,0.960905,5.188887,14.413575
551,open_neon:MAT_OpenNeon_N_film,0.974099,5.260135,14.611485
552,open_neon:MAT_OpenNeon_N_film,0.939995,5.075973,14.099925
553,open_neon:MAT_OpenNeon_N_film,0.936055,5.054697,14.040825
554,open_neon:MAT_OpenNeon_N_film,0.977236,5.277074,14.658540
555,open_neon:MAT_OpenNeon_N_film,0.977691,5.279531,14.665365
556,open_neon:MAT_OpenNeon_N_film,0.957030,5.167962,14.355450
557,open_neon:MAT_OpenNeon_N_film,0.982640,5.306256,14.739600
558,open_neon:MAT_OpenNeon_N_film,0.983518,5.310997,14.752770
559,open_neon:MAT_OpenNeon_N_film,0.947243,5.115112,14.208645
560,open_neon:MAT_OpenNeon_N_film,0.937080,5.060232,14.056200
561,open_neon:MAT_OpenNeon_N_film,0.978690,5.284926,14.680350
562,open_neon:MAT_OpenNeon_N_film,0.974947,5.264714,14.624205
563,open_neon:MAT_OpenNeon_N_film,0.964689,5.209321,14.470335
564,open_neon:MAT_OpenNeon_N_film,0.933117,5.038832,13.996755
565,open_neon:MAT_OpenNeon_N_film,0.950059,5.130319,14.250885
566,open_neon:MAT_OpenNeon_N_film,0.920473,4.970554,13.807095
567,open_neon:MAT_OpenNeon_N_film,0.921155,4.974237,13.817325
568,open_neon:MAT_OpenNeon_N_film,0.932877,5.037536,13.993155
569,open_neon:MAT_OpenNeon_N_film,0.952864,5.145466,14.292960
570,open_neon:MAT_OpenNeon_N_film,0.964554,5.208592,14.468310
571,open_neon:MAT_OpenNeon_N_film,0.969465,5.235111,14.541975
572,open_neon:MAT_OpenNeon_N_film,0.934011,5.043659,14.010165
573,open_neon:MAT_OpenNeon_N_film,0.982000,5.302800,14.730000
574,open_neon:MAT_OpenNeon_N_film,0.938066,5.065556,14.070990
575,open_neon:MAT_OpenNeon_N_film,0.963763,5.204320,14.456445
576,open_neon:MAT_OpenNeon_N_film,0.931203,5.028496,13.968045
577,open_neon:MAT_OpenNeon_N_film,0.974049,5.259865,14.610735
578,open_neon:MAT_OpenNeon_N_film,0.928865,5.015871,13.932975
579,open_neon:MAT_OpenNeon_N_film,0.976854,5.275012,14.652810
580,open_neon:MAT_OpenNeon_N_film,0.966398,5.218549,14.495970
581,open_neon:MAT_OpenNeon_N_film,0.960476,5.186570,14.407140
582,open_neon:MAT_OpenNeon_N_film,0.987270,5.331258,14.809050
583,open_neon:MAT_OpenNeon_N_film,0.989254,5.341972,14.838810
584,open_neon:MAT_OpenNeon_N_film,0.982366,5.304776,14.735490
585,open_neon:MAT_OpenNeon_N_film,0.980091,5.292491,14.701365
586,open_neon:MAT_OpenNeon_N_film,0.986214,5.325556,14.793210
587,open_neon:MAT_OpenNeon_N_film,0.986929,5.329417,14.803935
588,open_neon:MAT_OpenNeon_N_film,0.972744,5.252818,14.591160
589,open_neon:MAT_OpenNeon_N_film,0.948413,5.121430,14.226195
590,open_neon:MAT_OpenNeon_N_film,0.972292,5.250377,14.584380
591,open_neon:MAT_OpenNeon_N_film,0.928057,5.011508,13.920855
592,open_neon:MAT_OpenNeon_N_film,0.941999,5.086795,14.129985
593,open_neon:MAT_OpenNeon_N_film,0.976543,5.273332,14.648145
594,open_neon:MAT_OpenNeon_N_film,0.986077,5.324816,14.791155
595,open_neon:MAT_OpenNeon_N_film,0.978869,5.285893,14.683035
596,open_neon:MAT_OpenNeon_N_film,0.975226,5.266220,14.628390
597,open_neon:MAT_OpenNeon_N_film,0.770433,4.160338,11.556495
598,open_neon:MAT_OpenNeon_N_film,0.957037,5.168000,14.355555
599,open_neon:MAT_OpenNeon_N_film,0.927475,5.008365,13.912125
600,open_neon:MAT_OpenNeon_N_film,0.981795,5.301693,14.726925
601,open_neon:MAT_OpenNeon_N_film,0.986688,5.328115,14.800320
602,open_neon:MAT_OpenNeon_N_film,0.975412,5.267225,14.631180
603,open_neon:MAT_OpenNeon_N_film,0.981803,5.301736,14.727045
604,open_neon:MAT_OpenNeon_N_film,0.924578,4.992721,13.868670
605,open_neon:MAT_OpenNeon_N_film,0.963172,5.201129,14.447580
606,open_neon:MAT_OpenNeon_N_film,0.985476,5.321570,14.782140
607,open_neon:MAT_OpenNeon_N_film,0.927926,5.010800,13.918890
608,open_neon:MAT_OpenNeon_N_film,0.973190,5.255226,14.597850
609,open_neon:MAT_OpenNeon_N_film,0.696156,3.759242,10.442340
610,open_neon:MAT_OpenNeon_N_film,0.941190,5.082426,14.117850
611,open_neon:MAT_OpenNeon_N_film,0.988864,5.339866,14.832960
612,open_neon:MAT_OpenNeon_N_film,0.976357,5.272328,14.645355
613,open_neon:MAT_OpenNeon_N_film,0.923861,4.988849,13.857915
614,open_neon:MAT_OpenNeon_N_film,0.988443,5.337592,14.826645
615,open_neon:MAT_OpenNeon_N_film,0.983115,5.308821,14.746725
616,open_neon:MAT_OpenNeon_N_film,0.985925,5.323995,14.788875
617,open_neon:MAT_OpenNeon_N_film,0.982279,5.304307,14.734185
618,open_neon:MAT_OpenNeon_N_film,0.978093,5.281702,14.671395
619,open_neon:MAT_OpenNeon_N_film,0.976704,5.274202,14.650560
620,open_neon:MAT_OpenNeon_N_film,0.948021,5.119313,14.220315
621,open_neon:MAT_OpenNeon_N_film,0.988108,5.335783,14.821620
622,open_neon:MAT_OpenNeon_N_film,0.921646,4.976888,13.824690
623,open_neon:MAT_OpenNeon_N_film,0.935030,5.049162,14.025450
624,open_neon:MAT_OpenNeon_N_film,0.978605,5.284467,14.679075
625,open_neon:MAT_OpenNeon_N_film,0.965238,5.212285,14.478570
626,open_neon:MAT_OpenNeon_N_film,0.959893,5.183422,14.398395
627,open_neon:MAT_OpenNeon_N_film,0.974517,5.262392,14.617755
628,open_neon:MAT_OpenNeon_N_film,0.923903,4.989076,13.858545
629,open_neon:MAT_OpenNeon_N_film,0.969323,5.234344,14.539845
630,open_neon:MAT_OpenNeon_N_film,0.986786,5.328644,14.801790
631,open_neon:MAT_OpenNeon_N_film,0.978218,5.282377,14.673270
632,open_neon:MAT_OpenNeon_N_film,0.952659,5.144359,14.289885
633,open_neon:MAT_OpenNeon_N_film,0.953356,5.148122,14.300340
634,open_neon:MAT_OpenNeon_N_film,0.952036,5.140994,14.280540
635,open_neon:MAT_OpenNeon_N_film,0.936978,5.059681,14.054670
636,open_neon:MAT_OpenNeon_N_film,0.969787,5.236850,14.546805
637,open_neon:MAT_OpenNeon_N_film,0.944301,5.099225,14.164515
638,open_neon:MAT_OpenNeon_N_film,0.975795,5.269293,14.636925
639,open_neon:MAT_OpenNeon_N_film,0.951742,5.139407,14.276130
640,open_neon:MAT_OpenNeon_N_film,0.986763,5.328520,14.801445
641,open_neon:MAT_OpenNeon_N_film,0.966975,5.221665,14.504625
642,open_neon:MAT_OpenNeon_N_film,0.977194,5.276848,14.657910
643,open_neon:MAT_OpenNeon_N_film,0.923438,4.986565,13.851570
644,open_neon:MAT_OpenNeon_N_film,0.963247,5.201534,14.448705
645,open_neon:MAT_OpenNeon_N_film,0.973900,5.259060,14.608500
646,open_neon:MAT_OpenNeon_N_film,0.962346,5.196668,14.435190
647,open_neon:MAT_OpenNeon_N_film,0.976370,5.272398,14.645550
648,open_neon:MAT_OpenNeon_N_film,0.931631,5.030807,13.974465
649,open_neon:MAT_OpenNeon_N_film,0.980791,5.296271,14.711865
650,open_neon:MAT_OpenNeon_N_film,0.952244,5.142118,14.283660
651,open_neon:MAT_OpenNeon_N_film,0.952938,5.145865,14.294070
652,open_neon:MAT_OpenNeon_N_film,0.983911,5.313119,14.758665
653,open_neon:MAT_OpenNeon_N_film,0.925571,4.998083,13.883565
654,open_neon:MAT_OpenNeon_N_film,0.973362,5.256155,14.600430
655,open_neon:MAT_OpenNeon_N_film,0.932345,5.034663,13.985175
656,open_neon:MAT_OpenNeon_N_film,0.974483,5.262208,14.617245
657,open_neon:MAT_OpenNeon_N_film,0.969417,5.234852,14.541255
658,open_neon:MAT_OpenNeon_N_film,0.963778,5.204401,14.456670
659,open_neon:MAT_OpenNeon_N_film,0.765168,4.131907,11.477520
660,open_neon:MAT_OpenNeon_N_film,0.983534,5.311084,14.753010
661,open_neon:MAT_OpenNeon_N_film,0.935703,5.052796,14.035545
662,open_neon:MAT_OpenNeon_N_film,0.977307,5.277458,14.659605
663,open_neon:MAT_OpenNeon_N_film,0.987702,5.333591,14.815530
664,open_neon:MAT_OpenNeon_N_film,0.948873,5.123914,14.233095
665,open_neon:MAT_OpenNeon_N_film,0.946741,5.112401,14.201115
666,open_neon:MAT_OpenNeon_N_film,0.966301,5.218025,14.494515
667,open_neon:MAT_OpenNeon_N_film,0.957031,5.167967,14.355465
668,open_neon:MAT_OpenNeon_N_film,0.955426,5.159300,14.331390
669,open_neon:MAT_OpenNeon_N_film,0.982337,5.304620,14.735055
670,open_neon:MAT_OpenNeon_N_film,0.983859,5.312839,14.757885
671,open_neon:MAT_OpenNeon_N_film,0.953587,5.149370,14.303805
672,open_neon:MAT_OpenNeon_N_film,0.942725,5.090715,14.140875
673,open_neon:MAT_OpenNeon_N_film,0.977521,5.278613,14.662815
674,open_neon:MAT_OpenNeon_N_film,0.923457,4.986668,13.851855
675,open_neon:MAT_OpenNeon_N_film,0.931600,5.030640,13.974000
676,open_neon:MAT_OpenNeon_N_film,0.988510,5.337954,14.827650
677,open_neon:MAT_OpenNeon_N_film,0.957201,5.168885,14.358015
678,open_neon:MAT_OpenNeon_N_film,0.988716,5.339066,14.830740
679,open_neon:MAT_OpenNeon_N_film,0.962209,5.195929,14.433135
680,open_neon:MAT_OpenNeon_N_film,0.984414,5.315836,14.766210
681,open_neon:MAT_OpenNeon_N_film,0.985254,5.320372,14.778810
682,open_neon:MAT_OpenNeon_N_film,0.959852,5.183201,14.397780
683,open_neon:MAT_OpenNeon_N_film,0.973795,5.258493,14.606925
684,open_neon:MAT_OpenNeon_N_film,0.987491,5.332451,14.812365
685,open_neon:MAT_OpenNeon_N_film,0.980193,5.293042,14.702895
686,open_neon:MAT_OpenNeon_N_film,0.937321,5.061533,14.059815
687,open_neon:MAT_OpenNeon_N_film,0.964959,5.210779,14.474385
688,open_neon:MAT_OpenNeon_N_film,0.927198,5.006869,13.907970
689,open_neon:MAT_OpenNeon_N_film,0.974667,5.263202,14.620005
690,open_neon:MAT_OpenNeon_N_film,0.988594,5.338408,14.828910
691,open_neon:MAT_OpenNeon_N_film,0.981837,5.301920,14.727555
692,open_neon:MAT_OpenNeon_N_film,0.978348,5.283079,14.675220
693,open_neon:MAT_OpenNeon_N_film,0.942820,5.091228,14.142300
694,open_neon:MAT_OpenNeon_N_film,0.961511,5.192159,14.422665
695,open_neon:MAT_OpenNeon_N_film,0.958454,5.175652,14.376810
696,open_neon:MAT_OpenNeon_N_film,0.977915,5.280741,14.668725
697,open_neon:MAT_OpenNeon_N_film,0.972985,5.254119,14.594775
698,open_neon:MAT_OpenNeon_N_film,0.987951,5.334935,14.819265
699,open_neon:MAT_OpenNeon_N_film,0.986873,5.329114,14.803095
700,open_neon:MAT_OpenNeon_N_film,0.975656,5.268542,14.634840
701,open_neon:MAT_OpenNeon_N_film,0.965070,5.211378,14.476050
702,open_neon:MAT_OpenNeon_N_film,0.982192,5.303837,14.732880
703,open_neon:MAT_OpenNeon_N_film,0.947912,5.118725,14.218680
704,open_neon:MAT_OpenNeon_N_film,0.939472,5.073149,14.092080
705,open_neon:MAT_OpenNeon_N_film,0.964231,5.206847,14.463465
706,open_neon:MAT_OpenNeon_N_film,0.976302,5.272031,14.644530
707,open_neon:MAT_OpenNeon_N_film,0.976204,5.271502,14.643060
708,open_neon:MAT_OpenNeon_N_film,0.921786,4.977644,13.826790
709,open_neon:MAT_OpenNeon_N_film,0.973728,5.258131,14.605920
710,open_neon:MAT_OpenNeon_N_film,0.980459,5.294479,14.706885
711,open_neon:MAT_OpenNeon_N_film,0.977514,5.278576,14.662710
712,open_neon:MAT_OpenNeon_N_film,0.975462,5.267495,14.631930
713,open_neon:MAT_OpenNeon_N_film,0.972864,5.253466,14.592960
714,open_neon:MAT_OpenNeon_N_film,0.976714,5.274256,14.650710
715,open_neon:MAT_OpenNeon_N_film,0.937086,5.060264,14.056290
716,open_neon:MAT_OpenNeon_N_film,0.951395,5.137533,14.270925
717,open_neon:MAT_OpenNeon_N_film,0.954316,5.153306,14.314740
718,open_neon:MAT_OpenNeon_N_film,0.959370,5.180598,14.390550
719,open_neon:MAT_OpenNeon_N_film,0.962592,5.197997,14.438880
0,pool_neon:MAT_Prop_NeonRed_pool_0,0.929070,3.251745,6.968025
0,pool_neon:MAT_Prop_NeonRed_pool_1,0.929070,4.635013,6.968025
0,pool_neon:MAT_Prop_NeonRed_pool_2,0.929070,4.548339,6.968025
1,pool_neon:MAT_Prop_NeonRed_pool_0,0.926986,3.244451,6.952395
1,pool_neon:MAT_Prop_NeonRed_pool_1,0.926986,4.624616,6.952395
1,pool_neon:MAT_Prop_NeonRed_pool_2,0.926986,4.538137,6.952395
2,pool_neon:MAT_Prop_NeonRed_pool_0,0.937177,3.280120,7.028828
2,pool_neon:MAT_Prop_NeonRed_pool_1,0.937177,4.675458,7.028828
2,pool_neon:MAT_Prop_NeonRed_pool_2,0.937177,4.588028,7.028828
3,pool_neon:MAT_Prop_NeonRed_pool_0,0.965841,3.380443,7.243807
3,pool_neon:MAT_Prop_NeonRed_pool_1,0.965841,4.818459,7.243807
3,pool_neon:MAT_Prop_NeonRed_pool_2,0.965841,4.728355,7.243807
4,pool_neon:MAT_Prop_NeonRed_pool_0,0.976243,3.416850,7.321822
4,pool_neon:MAT_Prop_NeonRed_pool_1,0.976243,4.870353,7.321822
4,pool_neon:MAT_Prop_NeonRed_pool_2,0.976243,4.779279,7.321822
5,pool_neon:MAT_Prop_NeonRed_pool_0,0.983613,3.442645,7.377097
5,pool_neon:MAT_Prop_NeonRed_pool_1,0.983613,4.907121,7.377097
5,pool_neon:MAT_Prop_NeonRed_pool_2,0.983613,4.815359,7.377097
6,pool_neon:MAT_Prop_NeonRed_pool_0,0.965829,3.380402,7.243718
6,pool_neon:MAT_Prop_NeonRed_pool_1,0.965829,4.818399,7.243718
6,pool_neon:MAT_Prop_NeonRed_pool_2,0.965829,4.728296,7.243718
7,pool_neon:MAT_Prop_NeonRed_pool_0,0.980674,3.432359,7.355055
7,pool_neon:MAT_Prop_NeonRed_pool_1,0.980674,4.892459,7.355055
7,pool_neon:MAT_Prop_NeonRed_pool_2,0.980674,4.800971,7.355055
8,pool_neon:MAT_Prop_NeonRed_pool_0,0.975004,3.412514,7.312530
8,pool_neon:MAT_Prop_NeonRed_pool_1,0.975004,4.864172,7.312530
8,pool_neon:MAT_Prop_NeonRed_pool_2,0.975004,4.773213,7.312530
9,pool_neon:MAT_Prop_NeonRed_pool_0,0.964561,3.375964,7.234208
9,pool_neon:MAT_Prop_NeonRed_pool_1,0.964561,4.812073,7.234208
9,pool_neon:MAT_Prop_NeonRed_pool_2,0.964561,4.722088,7.234208
10,pool_neon:MAT_Prop_NeonRed_pool_0,0.927085,3.244798,6.953138
10,pool_neon:MAT_Prop_NeonRed_pool_1,0.927085,4.625110,6.953138
10,pool_neon:MAT_Prop_NeonRed_pool_2,0.927085,4.538622,6.953138
11,pool_neon:MAT_Prop_NeonRed_pool_0,0.964684,3.376394,7.235130
11,pool_neon:MAT_Prop_NeonRed_pool_1,0.964684,4.812687,7.235130
11,pool_neon:MAT_Prop_NeonRed_pool_2,0.964684,4.722691,7.235130
12,pool_neon:MAT_Prop_NeonRed_pool_0,0.976587,3.418054,7.324402
12,pool_neon:MAT_Prop_NeonRed_pool_1,0.976587,4.872069,7.324402
12,pool_neon:MAT_Prop_NeonRed_pool_2,0.976587,4.780963,7.324402
13,pool_neon:MAT_Prop_NeonRed_pool_0,0.981427,3.434995,7.360703
13,pool_neon:MAT_Prop_NeonRed_pool_1,0.981427,4.896216,7.360703
13,pool_neon:MAT_Prop_NeonRed_pool_2,0.981427,4.804657,7.360703
14,pool_neon:MAT_Prop_NeonRed_pool_0,0.973468,3.407138,7.301010
14,pool_neon:MAT_Prop_NeonRed_pool_1,0.973468,4.856509,7.301010
14,pool_neon:MAT_Prop_NeonRed_pool_2,0.973468,4.765693,7.301010
15,pool_neon:MAT_Prop_NeonRed_pool_0,0.937758,3.282153,7.033185
15,pool_neon:MAT_Prop_NeonRed_pool_1,0.937758,4.678357,7.033185
15,pool_neon:MAT_Prop_NeonRed_pool_2,0.937758,4.590872,7.033185
16,pool_neon:MAT_Prop_NeonRed_pool_0,0.978020,3.423070,7.335150
16,pool_neon:MAT_Prop_NeonRed_pool_1,0.978020,4.879219,7.335150
16,pool_neon:MAT_Prop_NeonRed_pool_2,0.978020,4.787978,7.335150
17,pool_neon:MAT_Prop_NeonRed_pool_0,0.978612,3.425142,7.339590
17,pool_neon:MAT_Prop_NeonRed_pool_1,0.978612,4.882172,7.339590
17,pool_neon:MAT_Prop_NeonRed_pool_2,0.978612,4.790876,7.339590
18,pool_neon:MAT_Prop_NeonRed_pool_0,0.983413,3.441946,7.375597
18,pool_neon:MAT_Prop_NeonRed_pool_1,0.983413,4.906124,7.375597
18,pool_neon:MAT_Prop_NeonRed_pool_2,0.983413,4.814380,7.375597
19,pool_neon:MAT_Prop_NeonRed_pool_0,0.981689,3.435912,7.362668
19,pool_neon:MAT_Prop_NeonRed_pool_1,0.981689,4.897523,7.362668
19,pool_neon:MAT_Prop_NeonRed_pool_2,0.981689,4.805940,7.362668
20,pool_neon:MAT_Prop_NeonRed_pool_0,0.962450,3.368575,7.218375
20,pool_neon:MAT_Prop_NeonRed_pool_1,0.962450,4.801542,7.218375
20,pool_neon:MAT_Prop_NeonRed_pool_2,0.962450,4.711754,7.218375
21,pool_neon:MAT_Prop_NeonRed_pool_0,0.979765,3.429177,7.348237
21,pool_neon:MAT_Prop_NeonRed_pool_1,0.979765,4.887924,7.348237
21,pool_neon:MAT_Prop_NeonRed_pool_2,0.979765,4.796521,7.348237
22,pool_neon:MAT_Prop_NeonRed_pool_0,0.974901,3.412154,7.311758
22,pool_neon:MAT_Prop_NeonRed_pool_1,0.974901,4.863658,7.311758
22,pool_neon:MAT_Prop_NeonRed_pool_2,0.974901,4.772709,7.311758
23,pool_neon:MAT_Prop_NeonRed_pool_0,0.979377,3.427820,7.345328
23,pool_neon:MAT_Prop_NeonRed_pool_1,0.979377,4.885988,7.345328
23,pool_neon:MAT_Prop_NeonRed_pool_2,0.979377,4.794621,7.345328
24,pool_neon:MAT_Prop_NeonRed_pool_0,0.980033,3.430116,7.350248
24,pool_neon:MAT_Prop_NeonRed_pool_1,0.980033,4.889261,7.350248
24,pool_neon:MAT_Prop_NeonRed_pool_2,0.980033,4.797833,7.350248
25,pool_neon:MAT_Prop_NeonRed_pool_0,0.972891,3.405118,7.296682
25,pool_neon:MAT_Prop_NeonRed_pool_1,0.972891,4.853631,7.296682
25,pool_neon:MAT_Prop_NeonRed_pool_2,0.972891,4.762869,7.296682
26,pool_neon:MAT_Prop_NeonRed_pool_0,0.967078,3.384773,7.253085
26,pool_neon:MAT_Prop_NeonRed_pool_1,0.967078,4.824630,7.253085
26,pool_neon:MAT_Prop_NeonRed_pool_2,0.967078,4.734411,7.253085
27,pool_neon:MAT_Prop_NeonRed_pool_0,0.968552,3.389932,7.264140
27,pool_neon:MAT_Prop_NeonRed_pool_1,0.968552,4.831984,7.264140
27,pool_neon:MAT_Prop_NeonRed_pool_2,0.968552,4.741627,7.264140
28,pool_neon:MAT_Prop_NeonRed_pool_0,0.972276,3.402966,7.292070
28,pool_neon:MAT_Prop_NeonRed_pool_1,0.972276,4.850562,7.292070
28,pool_neon:MAT_Prop_NeonRed_pool_2,0.972276,4.759858,7.292070
29,pool_neon:MAT_Prop_NeonRed_pool_0,0.958472,3.354652,7.188540
29,pool_neon:MAT_Prop_NeonRed_pool_1,0.958472,4.781696,7.188540
29,pool_neon:MAT_Prop_NeonRed_pool_2,0.958472,4.692279,7.188540
30,pool_neon:MAT_Prop_NeonRed_pool_0,0.949571,3.323499,7.121783
30,pool_neon:MAT_Prop_NeonRed_pool_1,0.949571,4.737290,7.121783
30,pool_neon:MAT_Prop_NeonRed_pool_2,0.949571,4.648704,7.121783
31,pool_neon:MAT_Prop_NeonRed_pool_0,0.922536,3.228876,6.919020
31,pool_neon:MAT_Prop_NeonRed_pool_1,0.922536,4.602416,6.919020
31,pool_neon:MAT_Prop_NeonRed_pool_2,0.922536,4.516352,6.919020
32,pool_neon:MAT_Prop_NeonRed_pool_0,0.940869,3.293041,7.056517
32,pool_neon:MAT_Prop_NeonRed_pool_1,0.940869,4.693877,7.056517
32,pool_neon:MAT_Prop_NeonRed_pool_2,0.940869,4.606102,7.056517
33,pool_neon:MAT_Prop_NeonRed_pool_0,0.979981,3.429933,7.349857
33,pool_neon:MAT_Prop_NeonRed_pool_1,0.979981,4.889002,7.349857
33,pool_neon:MAT_Prop_NeonRed_pool_2,0.979981,4.797578,7.349857
34,pool_neon:MAT_Prop_NeonRed_pool_0,0.926588,3.243058,6.949410
34,pool_neon:MAT_Prop_NeonRed_pool_1,0.926588,4.622631,6.949410
34,pool_neon:MAT_Prop_NeonRed_pool_2,0.926588,4.536188,6.949410
35,pool_neon:MAT_Prop_NeonRed_pool_0,0.965581,3.379533,7.241858
35,pool_neon:MAT_Prop_NeonRed_pool_1,0.965581,4.817162,7.241858
35,pool_neon:MAT_Prop_NeonRed_pool_2,0.965581,4.727082,7.241858
36,pool_neon:MAT_Prop_NeonRed_pool_0,0.974313,3.410095,7.307347
36,pool_neon:MAT_Prop_NeonRed_pool_1,0.974313,4.860725,7.307347
36,pool_neon:MAT_Prop_NeonRed_pool_2,0.974313,4.769830,7.307347
37,pool_neon:MAT_Prop_NeonRed_pool_0,0.975801,3.415304,7.318507
37,pool_neon:MAT_Prop_NeonRed_pool_1,0.975801,4.868148,7.318507
37,pool_neon:MAT_Prop_NeonRed_pool_2,0.975801,4.777115,7.318507
38,pool_neon:MAT_Prop_NeonRed_pool_0,0.981379,3.434826,7.360342
38,pool_neon:MAT_Prop_NeonRed_pool_1,0.981379,4.895976,7.360342
38,pool_neon:MAT_Prop_NeonRed_pool_2,0.981379,4.804422,7.360342
39,pool_neon:MAT_Prop_NeonRed_pool_0,0.926437,3.242529,6.948277
39,pool_neon:MAT_Prop_NeonRed_pool_1,0.926437,4.621877,6.948277
39,pool_neon:MAT_Prop_NeonRed_pool_2,0.926437,4.535449,6.948277
40,pool_neon:MAT_Prop_NeonRed_pool_0,0.939766,3.289181,7.048245
40,pool_neon:MAT_Prop_NeonRed_pool_1,0.939766,4.688374,7.048245
40,pool_neon:MAT_Prop_NeonRed_pool_2,0.939766,4.600702,7.048245
41,pool_neon:MAT_Prop_NeonRed_pool_0,0.981334,3.434669,7.360005
41,pool_neon:MAT_Prop_NeonRed_pool_1,0.981334,4.895752,7.360005
41,pool_neon:MAT_Prop_NeonRed_pool_2,0.981334,4.804202,7.360005
42,pool_neon:MAT_Prop_NeonRed_pool_0,0.985201,3.448203,7.389007
42,pool_neon:MAT_Prop_NeonRed_pool_1,0.985201,4.915044,7.389007
42,pool_neon:MAT_Prop_NeonRed_pool_2,0.985201,4.823133,7.389007
43,pool_neon:MAT_Prop_NeonRed_pool_0,0.975091,3.412819,7.313182
43,pool_neon:MAT_Prop_NeonRed_pool_1,0.975091,4.864606,7.313182
43,pool_neon:MAT_Prop_NeonRed_pool_2,0.975091,4.773639,7.313182
44,pool_neon:MAT_Prop_NeonRed_pool_0,0.947644,3.316754,7.107330
44,pool_neon:MAT_Prop_NeonRed_pool_1,0.947644,4.727677,7.107330
44,pool_neon:MAT_Prop_NeonRed_pool_2,0.947644,4.639270,7.107330
45,pool_neon:MAT_Prop_NeonRed_pool_0,0.979767,3.429185,7.348253
45,pool_neon:MAT_Prop_NeonRed_pool_1,0.979767,4.887934,7.348253
45,pool_neon:MAT_Prop_NeonRed_pool_2,0.979767,4.796531,7.348253
46,pool_neon:MAT_Prop_NeonRed_pool_0,0.930113,3.255395,6.975847
46,pool_neon:MAT_Prop_NeonRed_pool_1,0.930113,4.640217,6.975847
46,pool_neon:MAT_Prop_NeonRed_pool_2,0.930113,4.553445,6.975847
47,pool_neon:MAT_Prop_NeonRed_pool_0,0.981476,3.435166,7.361070
47,pool_neon:MAT_Prop_NeonRed_pool_1,0.981476,4.896460,7.361070
47,pool_neon:MAT_Prop_NeonRed_pool_2,0.981476,4.804897,7.361070
48,pool_neon:MAT_Prop_NeonRed_pool_0,0.954704,3.341464,7.160280
48,pool_neon:MAT_Prop_NeonRed_pool_1,0.954704,4.762898,7.160280
48,pool_neon:MAT_Prop_NeonRed_pool_2,0.954704,4.673833,7.160280
49,pool_neon:MAT_Prop_NeonRed_pool_0,0.954874,3.342059,7.161555
49,pool_neon:MAT_Prop_NeonRed_pool_1,0.954874,4.763746,7.161555
49,pool_neon:MAT_Prop_NeonRed_pool_2,0.954874,4.674665,7.161555
50,pool_neon:MAT_Prop_NeonRed_pool_0,0.987824,3.457384,7.408680
50,pool_neon:MAT_Prop_NeonRed_pool_1,0.987824,4.928129,7.408680
50,pool_neon:MAT_Prop_NeonRed_pool_2,0.987824,4.835974,7.408680
51,pool_neon:MAT_Prop_NeonRed_pool_0,0.975514,3.414299,7.316355
51,pool_neon:MAT_Prop_NeonRed_pool_1,0.975514,4.866716,7.316355
51,pool_neon:MAT_Prop_NeonRed_pool_2,0.975514,4.775710,7.316355
52,pool_neon:MAT_Prop_NeonRed_pool_0,0.975701,3.414954,7.317757
52,pool_neon:MAT_Prop_NeonRed_pool_1,0.975701,4.867649,7.317757
52,pool_neon:MAT_Prop_NeonRed_pool_2,0.975701,4.776625,7.317757
53,pool_neon:MAT_Prop_NeonRed_pool_0,0.964343,3.375201,7.232572
53,pool_neon:MAT_Prop_NeonRed_pool_1,0.964343,4.810986,7.232572
53,pool_neon:MAT_Prop_NeonRed_pool_2,0.964343,4.721021,7.232572
54,pool_neon:MAT_Prop_NeonRed_pool_0,0.922911,3.230189,6.921833
54,pool_neon:MAT_Prop_NeonRed_pool_1,0.922911,4.604287,6.921833
54,pool_neon:MAT_Prop_NeonRed_pool_2,0.922911,4.518187,6.921833
55,pool_neon:MAT_Prop_NeonRed_pool_0,0.927460,3.246110,6.955950
55,pool_neon:MAT_Prop_NeonRed_pool_1,0.927460,4.626981,6.955950
55,pool_neon:MAT_Prop_NeonRed_pool_2,0.927460,4.540457,6.955950
56,pool_neon:MAT_Prop_NeonRed_pool_0,0.931422,3.259977,6.985665
56,pool_neon:MAT_Prop_NeonRed_pool_1,0.931422,4.646747,6.985665
56,pool_neon:MAT_Prop_NeonRed_pool_2,0.931422,4.559854,6.985665
57,pool_neon:MAT_Prop_NeonRed_pool_0,0.931653,3.260785,6.987397
57,pool_neon:MAT_Prop_NeonRed_pool_1,0.931653,4.647899,6.987397
57,pool_neon:MAT_Prop_NeonRed_pool_2,0.931653,4.560985,6.987397
58,pool_neon:MAT_Prop_NeonRed_pool_0,0.958154,3.353539,7.186155
58,pool_neon:MAT_Prop_NeonRed_pool_1,0.958154,4.780110,7.186155
58,pool_neon:MAT_Prop_NeonRed_pool_2,0.958154,4.690722,7.186155
59,pool_neon:MAT_Prop_NeonRed_pool_0,0.937921,3.282723,7.034408
59,pool_neon:MAT_Prop_NeonRed_pool_1,0.937921,4.679170,7.034408
59,pool_neon:MAT_Prop_NeonRed_pool_2,0.937921,4.591670,7.034408
60,pool_neon:MAT_Prop_NeonRed_pool_0,0.981682,3.435887,7.362615
60,pool_neon:MAT_Prop_NeonRed_pool_1,0.981682,4.897488,7.362615
60,pool_neon:MAT_Prop_NeonRed_pool_2,0.981682,4.805906,7.362615
61,pool_neon:MAT_Prop_NeonRed_pool_0,0.975114,3.412899,7.313355
61,pool_neon:MAT_Prop_NeonRed_pool_1,0.975114,4.864721,7.313355
61,pool_neon:MAT_Prop_NeonRed_pool_2,0.975114,4.773752,7.313355
62,pool_neon:MAT_Prop_NeonRed_pool_0,0.985797,3.450290,7.393478
62,pool_neon:MAT_Prop_NeonRed_pool_1,0.985797,4.918017,7.393478
62,pool_neon:MAT_Prop_NeonRed_pool_2,0.985797,4.826051,7.393478
63,pool_neon:MAT_Prop_NeonRed_pool_0,0.960783,3.362741,7.205873
63,pool_neon:MAT_Prop_NeonRed_pool_1,0.960783,4.793225,7.205873
63,pool_neon:MAT_Prop_NeonRed_pool_2,0.960783,4.703593,7.205873
64,pool_neon:MAT_Prop_NeonRed_pool_0,0.962057,3.367200,7.215428
64,pool_neon:MAT_Prop_NeonRed_pool_1,0.962057,4.799581,7.215428
64,pool_neon:MAT_Prop_NeonRed_pool_2,0.962057,4.709830,7.215428
65,pool_neon:MAT_Prop_NeonRed_pool_0,0.937203,3.280210,7.029022
65,pool_neon:MAT_Prop_NeonRed_pool_1,0.937203,4.675588,7.029022
65,pool_neon:MAT_Prop_NeonRed_pool_2,0.937203,4.588155,7.029022
66,pool_neon:MAT_Prop_NeonRed_pool_0,0.988144,3.458504,7.411080
66,pool_neon:MAT_Prop_NeonRed_pool_1,0.988144,4.929726,7.411080
66,pool_neon:MAT_Prop_NeonRed_pool_2,0.988144,4.837541,7.411080
67,pool_neon:MAT_Prop_NeonRed_pool_0,0.921921,3.226723,6.914408
67,pool_neon:MAT_Prop_NeonRed_pool_1,0.921921,4.599348,6.914408
67,pool_neon:MAT_Prop_NeonRed_pool_2,0.921921,4.513341,6.914408
68,pool_neon:MAT_Prop_NeonRed_pool_0,0.929451,3.253078,6.970883
68,pool_neon:MAT_Prop_NeonRed_pool_1,0.929451,4.636914,6.970883
68,pool_neon:MAT_Prop_NeonRed_pool_2,0.929451,4.550205,6.970883
69,pool_neon:MAT_Prop_NeonRed_pool_0,0.957295,3.350532,7.179712
69,pool_neon:MAT_Prop_NeonRed_pool_1,0.957295,4.775824,7.179712
69,pool_neon:MAT_Prop_NeonRed_pool_2,0.957295,4.686517,7.179712
70,pool_neon:MAT_Prop_NeonRed_pool_0,0.966846,3.383961,7.251345
70,pool_neon:MAT_Prop_NeonRed_pool_1,0.966846,4.823473,7.251345
70,pool_neon:MAT_Prop_NeonRed_pool_2,0.966846,4.733275,7.251345
71,pool_neon:MAT_Prop_NeonRed_pool_0,0.920355,3.221243,6.902662
71,pool_neon:MAT_Prop_NeonRed_pool_1,0.920355,4.591535,6.902662
71,pool_neon:MAT_Prop_NeonRed_pool_2,0.920355,4.505674,6.902662
72,pool_neon:MAT_Prop_NeonRed_pool_0,0.935113,3.272895,7.013348
72,pool_neon:MAT_Prop_NeonRed_pool_1,0.935113,4.665161,7.013348
72,pool_neon:MAT_Prop_NeonRed_pool_2,0.935113,4.577923,7.013348
73,pool_neon:MAT_Prop_NeonRed_pool_0,0.973529,3.407351,7.301468
73,pool_neon:MAT_Prop_NeonRed_pool_1,0.973529,4.856814,7.301468
73,pool_neon:MAT_Prop_NeonRed_pool_2,0.973529,4.765992,7.301468
74,pool_neon:MAT_Prop_NeonRed_pool_0,0.979354,3.427739,7.345155
74,pool_neon:MAT_Prop_NeonRed_pool_1,0.979354,4.885874,7.345155
74,pool_neon:MAT_Prop_NeonRed_pool_2,0.979354,4.794509,7.345155
75,pool_neon:MAT_Prop_NeonRed_pool_0,0.982967,3.440384,7.372253
75,pool_neon:MAT_Prop_NeonRed_pool_1,0.982967,4.903899,7.372253
75,pool_neon:MAT_Prop_NeonRed_pool_2,0.982967,4.812197,7.372253
76,pool_neon:MAT_Prop_NeonRed_pool_0,0.936478,3.277673,7.023585
76,pool_neon:MAT_Prop_NeonRed_pool_1,0.936478,4.671971,7.023585
76,pool_neon:MAT_Prop_NeonRed_pool_2,0.936478,4.584606,7.023585
77,pool_neon:MAT_Prop_NeonRed_pool_0,0.938879,3.286077,7.041593
77,pool_neon:MAT_Prop_NeonRed_pool_1,0.938879,4.683949,7.041593
77,pool_neon:MAT_Prop_NeonRed_pool_2,0.938879,4.596360,7.041593
78,pool_neon:MAT_Prop_NeonRed_pool_0,0.986332,3.452162,7.397490
78,pool_neon:MAT_Prop_NeonRed_pool_1,0.986332,4.920686,7.397490
78,pool_neon:MAT_Prop_NeonRed_pool_2,0.986332,4.828670,7.397490
79,pool_neon:MAT_Prop_NeonRed_pool_0,0.985297,3.448539,7.389728
79,pool_neon:MAT_Prop_NeonRed_pool_1,0.985297,4.915523,7.389728
79,pool_neon:MAT_Prop_NeonRed_pool_2,0.985297,4.823603,7.389728
80,pool_neon:MAT_Prop_NeonRed_pool_0,0.966971,3.384399,7.252282
80,pool_neon:MAT_Prop_NeonRed_pool_1,0.966971,4.824096,7.252282
80,pool_neon:MAT_Prop_NeonRed_pool_2,0.966971,4.733887,7.252282
81,pool_neon:MAT_Prop_NeonRed_pool_0,0.982841,3.439944,7.371307
81,pool_neon:MAT_Prop_NeonRed_pool_1,0.982841,4.903270,7.371307
81,pool_neon:MAT_Prop_NeonRed_pool_2,0.982841,4.811580,7.371307
82,pool_neon:MAT_Prop_NeonRed_pool_0,0.966420,3.382470,7.248150
82,pool_neon:MAT_Prop_NeonRed_pool_1,0.966420,4.821348,7.248150
82,pool_neon:MAT_Prop_NeonRed_pool_2,0.966420,4.731189,7.248150
83,pool_neon:MAT_Prop_NeonRed_pool_0,0.935978,3.275923,7.019835
83,pool_neon:MAT_Prop_NeonRed_pool_1,0.935978,4.669476,7.019835
83,pool_neon:MAT_Prop_NeonRed_pool_2,0.935978,4.582158,7.019835
84,pool_neon:MAT_Prop_NeonRed_pool_0,0.982728,3.439548,7.370460
84,pool_neon:MAT_Prop_NeonRed_pool_1,0.982728,4.902706,7.370460
84,pool_neon:MAT_Prop_NeonRed_pool_2,0.982728,4.811026,7.370460
85,pool_neon:MAT_Prop_NeonRed_pool_0,0.967953,3.387835,7.259647
85,pool_neon:MAT_Prop_NeonRed_pool_1,0.967953,4.828996,7.259647
85,pool_neon:MAT_Prop_NeonRed_pool_2,0.967953,4.738694,7.259647
86,pool_neon:MAT_Prop_NeonRed_pool_0,0.979296,3.427536,7.344720
86,pool_neon:MAT_Prop_NeonRed_pool_1,0.979296,4.885584,7.344720
86,pool_neon:MAT_Prop_NeonRed_pool_2,0.979296,4.794225,7.344720
87,pool_neon:MAT_Prop_NeonRed_pool_0,0.942602,3.299107,7.069515
87,pool_neon:MAT_Prop_NeonRed_pool_1,0.942602,4.702523,7.069515
87,pool_neon:MAT_Prop_NeonRed_pool_2,0.942602,4.614586,7.069515
88,pool_neon:MAT_Prop_NeonRed_pool_0,0.979372,3.427802,7.345290
88,pool_neon:MAT_Prop_NeonRed_pool_1,0.979372,4.885964,7.345290
88,pool_neon:MAT_Prop_NeonRed_pool_2,0.979372,4.794597,7.345290
89,pool_neon:MAT_Prop_NeonRed_pool_0,0.920523,3.221830,6.903923
89,pool_neon:MAT_Prop_NeonRed_pool_1,0.920523,4.592373,6.903923
89,pool_neon:MAT_Prop_NeonRed_pool_2,0.920523,4.506497,6.903923
90,pool_neon:MAT_Prop_NeonRed_pool_0,0.984908,3.447178,7.386810
90,pool_neon:MAT_Prop_NeonRed_pool_1,0.984908,4.913582,7.386810
90,pool_neon:MAT_Prop_NeonRed_pool_2,0.984908,4.821699,7.386810
91,pool_neon:MAT_Prop_NeonRed_pool_0,0.950061,3.325214,7.125458
91,pool_neon:MAT_Prop_NeonRed_pool_1,0.950061,4.739735,7.125458
91,pool_neon:MAT_Prop_NeonRed_pool_2,0.950061,4.651102,7.125458
92,pool_neon:MAT_Prop_NeonRed_pool_0,0.925810,3.240335,6.943575
92,pool_neon:MAT_Prop_NeonRed_pool_1,0.925810,4.618749,6.943575
92,pool_neon:MAT_Prop_NeonRed_pool_2,0.925810,4.532380,6.943575
93,pool_neon:MAT_Prop_NeonRed_pool_0,0.976889,3.419112,7.326668
93,pool_neon:MAT_Prop_NeonRed_pool_1,0.976889,4.873576,7.326668
93,pool_neon:MAT_Prop_NeonRed_pool_2,0.976889,4.782441,7.326668
94,pool_neon:MAT_Prop_NeonRed_pool_0,0.975756,3.415146,7.318170
94,pool_neon:MAT_Prop_NeonRed_pool_1,0.975756,4.867924,7.318170
94,pool_neon:MAT_Prop_NeonRed_pool_2,0.975756,4.776894,7.318170
95,pool_neon:MAT_Prop_NeonRed_pool_0,0.975107,3.412875,7.313302
95,pool_neon:MAT_Prop_NeonRed_pool_1,0.975107,4.864686,7.313302
95,pool_neon:MAT_Prop_NeonRed_pool_2,0.975107,4.773717,7.313302
96,pool_neon:MAT_Prop_NeonRed_pool_0,0.975832,3.415412,7.318740
96,pool_neon:MAT_Prop_NeonRed_pool_1,0.975832,4.868303,7.318740
96,pool_neon:MAT_Prop_NeonRed_pool_2,0.975832,4.777267,7.318740
97,pool_neon:MAT_Prop_NeonRed_pool_0,0.983054,3.440689,7.372905
97,pool_neon:MAT_Prop_NeonRed_pool_1,0.983054,4.904333,7.372905
97,pool_neon:MAT_Prop_NeonRed_pool_2,0.983054,4.812622,7.372905
98,pool_neon:MAT_Prop_NeonRed_pool_0,0.977336,3.420676,7.330020
98,pool_neon:MAT_Prop_NeonRed_pool_1,0.977336,4.875806,7.330020
98,pool_neon:MAT_Prop_NeonRed_pool_2,0.977336,4.784630,7.330020
99,pool_neon:MAT_Prop_NeonRed_pool_0,0.988858,3.461003,7.416435
99,pool_neon:MAT_Prop_NeonRed_pool_1,0.988858,4.933288,7.416435
99,pool_neon:MAT_Prop_NeonRed_pool_2,0.988858,4.841036,7.416435
100,pool_neon:MAT_Prop_NeonRed_pool_0,0.939979,3.289926,7.049843
100,pool_neon:MAT_Prop_NeonRed_pool_1,0.939979,4.689437,7.049843
100,pool_neon:MAT_Prop_NeonRed_pool_2,0.939979,4.601745,7.049843
101,pool_neon:MAT_Prop_NeonRed_pool_0,0.923457,3.232099,6.925928
101,pool_neon:MAT_Prop_NeonRed_pool_1,0.923457,4.607011,6.925928
101,pool_neon:MAT_Prop_NeonRed_pool_2,0.923457,4.520860,6.925928
102,pool_neon:MAT_Prop_NeonRed_pool_0,0.952826,3.334891,7.146195
102,pool_neon:MAT_Prop_NeonRed_pool_1,0.952826,4.753529,7.146195
102,pool_neon:MAT_Prop_NeonRed_pool_2,0.952826,4.664639,7.146195
103,pool_neon:MAT_Prop_NeonRed_pool_0,0.973972,3.408902,7.304790
103,pool_neon:MAT_Prop_NeonRed_pool_1,0.973972,4.859024,7.304790
103,pool_neon:MAT_Prop_NeonRed_pool_2,0.973972,4.768161,7.304790
104,pool_neon:MAT_Prop_NeonRed_pool_0,0.952232,3.332812,7.141740
104,pool_neon:MAT_Prop_NeonRed_pool_1,0.952232,4.750565,7.141740
104,pool_neon:MAT_Prop_NeonRed_pool_2,0.952232,4.661731,7.141740
105,pool_neon:MAT_Prop_NeonRed_pool_0,0.948573,3.320006,7.114298
105,pool_neon:MAT_Prop_NeonRed_pool_1,0.948573,4.732311,7.114298
105,pool_neon:MAT_Prop_NeonRed_pool_2,0.948573,4.643818,7.114298
106,pool_neon:MAT_Prop_NeonRed_pool_0,0.983948,3.443818,7.379610
106,pool_neon:MAT_Prop_NeonRed_pool_1,0.983948,4.908793,7.379610
106,pool_neon:MAT_Prop_NeonRed_pool_2,0.983948,4.816999,7.379610
107,pool_neon:MAT_Prop_NeonRed_pool_0,0.977738,3.422083,7.333035
107,pool_neon:MAT_Prop_NeonRed_pool_1,0.977738,4.877812,7.333035
107,pool_neon:MAT_Prop_NeonRed_pool_2,0.977738,4.786598,7.333035
108,pool_neon:MAT_Prop_NeonRed_pool_0,0.978799,3.425796,7.340992
108,pool_neon:MAT_Prop_NeonRed_pool_1,0.978799,4.883105,7.340992
108,pool_neon:MAT_Prop_NeonRed_pool_2,0.978799,4.791792,7.340992
109,pool_neon:MAT_Prop_NeonRed_pool_0,0.931101,3.258853,6.983257
109,pool_neon:MAT_Prop_NeonRed_pool_1,0.931101,4.645146,6.983257
109,pool_neon:MAT_Prop_NeonRed_pool_2,0.931101,4.558282,6.983257
110,pool_neon:MAT_Prop_NeonRed_pool_0,0.962329,3.368151,7.217467
110,pool_neon:MAT_Prop_NeonRed_pool_1,0.962329,4.800938,7.217467
110,pool_neon:MAT_Prop_NeonRed_pool_2,0.962329,4.711161,7.217467
111,pool_neon:MAT_Prop_NeonRed_pool_0,0.947041,3.314643,7.102807
111,pool_neon:MAT_Prop_NeonRed_pool_1,0.947041,4.724668,7.102807
111,pool_neon:MAT_Prop_NeonRed_pool_2,0.947041,4.636318,7.102807
112,pool_neon:MAT_Prop_NeonRed_pool_0,0.969947,3.394814,7.274603
112,pool_neon:MAT_Prop_NeonRed_pool_1,0.969947,4.838943,7.274603
112,pool_neon:MAT_Prop_NeonRed_pool_2,0.969947,4.748456,7.274603
113,pool_neon:MAT_Prop_NeonRed_pool_0,0.936239,3.276836,7.021793
113,pool_neon:MAT_Prop_NeonRed_pool_1,0.936239,4.670778,7.021793
113,pool_neon:MAT_Prop_NeonRed_pool_2,0.936239,4.583436,7.021793
114,pool_neon:MAT_Prop_NeonRed_pool_0,0.956252,3.346882,7.171890
114,pool_neon:MAT_Prop_NeonRed_pool_1,0.956252,4.770621,7.171890
114,pool_neon:MAT_Prop_NeonRed_pool_2,0.956252,4.681411,7.171890
115,pool_neon:MAT_Prop_NeonRed_pool_0,0.965032,3.377612,7.237740
115,pool_neon:MAT_Prop_NeonRed_pool_1,0.965032,4.814423,7.237740
115,pool_neon:MAT_Prop_NeonRed_pool_2,0.965032,4.724394,7.237740
116,pool_neon:MAT_Prop_NeonRed_pool_0,0.972065,3.402227,7.290487
116,pool_neon:MAT_Prop_NeonRed_pool_1,0.972065,4.849510,7.290487
116,pool_neon:MAT_Prop_NeonRed_pool_2,0.972065,4.758825,7.290487
117,pool_neon:MAT_Prop_NeonRed_pool_0,0.927298,3.245543,6.954735
117,pool_neon:MAT_Prop_NeonRed_pool_1,0.927298,4.626173,6.954735
117,pool_neon:MAT_Prop_NeonRed_pool_2,0.927298,4.539664,6.954735
118,pool_neon:MAT_Prop_NeonRed_pool_0,0.984300,3.445050,7.382250
118,pool_neon:MAT_Prop_NeonRed_pool_1,0.984300,4.910549,7.382250
118,pool_neon:MAT_Prop_NeonRed_pool_2,0.984300,4.818722,7.382250
119,pool_neon:MAT_Prop_NeonRed_pool_0,0.920942,3.223297,6.907065
119,pool_neon:MAT_Prop_NeonRed_pool_1,0.920942,4.594464,6.907065
119,pool_neon:MAT_Prop_NeonRed_pool_2,0.920942,4.508548,6.907065
120,pool_neon:MAT_Prop_NeonRed_pool_0,0.927205,3.245217,6.954037
120,pool_neon:MAT_Prop_NeonRed_pool_1,0.927205,4.625709,6.954037
120,pool_neon:MAT_Prop_NeonRed_pool_2,0.927205,4.539209,6.954037
121,pool_neon:MAT_Prop_NeonRed_pool_0,0.989234,3.462319,7.419255
121,pool_neon:MAT_Prop_NeonRed_pool_1,0.989234,4.935164,7.419255
121,pool_neon:MAT_Prop_NeonRed_pool_2,0.989234,4.842877,7.419255
122,pool_neon:MAT_Prop_NeonRed_pool_0,0.986719,3.453517,7.400392
122,pool_neon:MAT_Prop_NeonRed_pool_1,0.986719,4.922617,7.400392
122,pool_neon:MAT_Prop_NeonRed_pool_2,0.986719,4.830565,7.400392
123,pool_neon:MAT_Prop_NeonRed_pool_0,0.738543,2.584900,5.539072
123,pool_neon:MAT_Prop_NeonRed_pool_1,0.738543,3.684498,5.539072
123,pool_neon:MAT_Prop_NeonRed_pool_2,0.738543,3.615599,5.539072
124,pool_neon:MAT_Prop_NeonRed_pool_0,0.950055,3.325192,7.125412
124,pool_neon:MAT_Prop_NeonRed_pool_1,0.950055,4.739705,7.125412
124,pool_neon:MAT_Prop_NeonRed_pool_2,0.950055,4.651073,7.125412
125,pool_neon:MAT_Prop_NeonRed_pool_0,0.985621,3.449673,7.392157
125,pool_neon:MAT_Prop_NeonRed_pool_1,0.985621,4.917139,7.392157
125,pool_neon:MAT_Prop_NeonRed_pool_2,0.985621,4.825189,7.392157
126,pool_neon:MAT_Prop_NeonRed_pool_0,0.975900,3.415650,7.319250
126,pool_neon:MAT_Prop_NeonRed_pool_1,0.975900,4.868642,7.319250
126,pool_neon:MAT_Prop_NeonRed_pool_2,0.975900,4.777599,7.319250
127,pool_neon:MAT_Prop_NeonRed_pool_0,0.977389,3.420861,7.330417
127,pool_neon:MAT_Prop_NeonRed_pool_1,0.977389,4.876071,7.330417
127,pool_neon:MAT_Prop_NeonRed_pool_2,0.977389,4.784889,7.330417
128,pool_neon:MAT_Prop_NeonRed_pool_0,0.974842,3.411947,7.311315
128,pool_neon:MAT_Prop_NeonRed_pool_1,0.974842,4.863364,7.311315
128,pool_neon:MAT_Prop_NeonRed_pool_2,0.974842,4.772420,7.311315
129,pool_neon:MAT_Prop_NeonRed_pool_0,0.986388,3.452358,7.397910
129,pool_neon:MAT_Prop_NeonRed_pool_1,0.986388,4.920965,7.397910
129,pool_neon:MAT_Prop_NeonRed_pool_2,0.986388,4.828944,7.397910
130,pool_neon:MAT_Prop_NeonRed_pool_0,0.965568,3.379488,7.241760
130,pool_neon:MAT_Prop_NeonRed_pool_1,0.965568,4.817097,7.241760
130,pool_neon:MAT_Prop_NeonRed_pool_2,0.965568,4.727018,7.241760
131,pool_neon:MAT_Prop_NeonRed_pool_0,0.978890,3.426115,7.341675
131,pool_neon:MAT_Prop_NeonRed_pool_1,0.978890,4.883559,7.341675
131,pool_neon:MAT_Prop_NeonRed_pool_2,0.978890,4.792237,7.341675
132,pool_neon:MAT_Prop_NeonRed_pool_0,0.983732,3.443062,7.377990
132,pool_neon:MAT_Prop_NeonRed_pool_1,0.983732,4.907715,7.377990
132,pool_neon:MAT_Prop_NeonRed_pool_2,0.983732,4.815942,7.377990
133,pool_neon:MAT_Prop_NeonRed_pool_0,0.982852,3.439982,7.371390
133,pool_neon:MAT_Prop_NeonRed_pool_1,0.982852,4.903325,7.371390
133,pool_neon:MAT_Prop_NeonRed_pool_2,0.982852,4.811634,7.371390
134,pool_neon:MAT_Prop_NeonRed_pool_0,0.929579,3.253526,6.971843
134,pool_neon:MAT_Prop_NeonRed_pool_1,0.929579,4.637553,6.971843
134,pool_neon:MAT_Prop_NeonRed_pool_2,0.929579,4.550831,6.971843
135,pool_neon:MAT_Prop_NeonRed_pool_0,0.987956,3.457846,7.409670
135,pool_neon:MAT_Prop_NeonRed_pool_1,0.987956,4.928788,7.409670
135,pool_neon:MAT_Prop_NeonRed_pool_2,0.987956,4.836621,7.409670
136,pool_neon:MAT_Prop_NeonRed_pool_0,0.925253,3.238386,6.939398
136,pool_neon:MAT_Prop_NeonRed_pool_1,0.925253,4.615971,6.939398
136,pool_neon:MAT_Prop_NeonRed_pool_2,0.925253,4.529653,6.939398
137,pool_neon:MAT_Prop_NeonRed_pool_0,0.989107,3.461874,7.418302
137,pool_neon:MAT_Prop_NeonRed_pool_1,0.989107,4.934530,7.418302
137,pool_neon:MAT_Prop_NeonRed_pool_2,0.989107,4.842255,7.418302
138,pool_neon:MAT_Prop_NeonRed_pool_0,0.981353,3.434735,7.360148
138,pool_neon:MAT_Prop_NeonRed_pool_1,0.981353,4.895846,7.360148
138,pool_neon:MAT_Prop_NeonRed_pool_2,0.981353,4.804295,7.360148
139,pool_neon:MAT_Prop_NeonRed_pool_0,0.937259,3.280406,7.029443
139,pool_neon:MAT_Prop_NeonRed_pool_1,0.937259,4.675867,7.029443
139,pool_neon:MAT_Prop_NeonRed_pool_2,0.937259,4.588429,7.029443
140,pool_neon:MAT_Prop_NeonRed_pool_0,0.927051,3.244679,6.952882
140,pool_neon:MAT_Prop_NeonRed_pool_1,0.927051,4.624941,6.952882
140,pool_neon:MAT_Prop_NeonRed_pool_2,0.927051,4.538455,6.952882
141,pool_neon:MAT_Prop_NeonRed_pool_0,0.952805,3.334818,7.146038
141,pool_neon:MAT_Prop_NeonRed_pool_1,0.952805,4.753424,7.146038
141,pool_neon:MAT_Prop_NeonRed_pool_2,0.952805,4.664536,7.146038
142,pool_neon:MAT_Prop_NeonRed_pool_0,0.926236,3.241826,6.946770
142,pool_neon:MAT_Prop_NeonRed_pool_1,0.926236,4.620875,6.946770
142,pool_neon:MAT_Prop_NeonRed_pool_2,0.926236,4.534465,6.946770
143,pool_neon:MAT_Prop_NeonRed_pool_0,0.955032,3.342612,7.162740
143,pool_neon:MAT_Prop_NeonRed_pool_1,0.955032,4.764534,7.162740
143,pool_neon:MAT_Prop_NeonRed_pool_2,0.955032,4.675438,7.162740
144,pool_neon:MAT_Prop_NeonRed_pool_0,0.925812,3.240342,6.943590
144,pool_neon:MAT_Prop_NeonRed_pool_1,0.925812,4.618759,6.943590
144,pool_neon:MAT_Prop_NeonRed_pool_2,0.925812,4.532389,6.943590
145,pool_neon:MAT_Prop_NeonRed_pool_0,0.977668,3.421838,7.332510
145,pool_neon:MAT_Prop_NeonRed_pool_1,0.977668,4.877462,7.332510
145,pool_neon:MAT_Prop_NeonRed_pool_2,0.977668,4.786255,7.332510
146,pool_neon:MAT_Prop_NeonRed_pool_0,0.931049,3.258672,6.982868
146,pool_neon:MAT_Prop_NeonRed_pool_1,0.931049,4.644886,6.982868
146,pool_neon:MAT_Prop_NeonRed_pool_2,0.931049,4.558028,6.982868
147,pool_neon:MAT_Prop_NeonRed_pool_0,0.980249,3.430872,7.351867
147,pool_neon:MAT_Prop_NeonRed_pool_1,0.980249,4.890339,7.351867
147,pool_neon:MAT_Prop_NeonRed_pool_2,0.980249,4.798890,7.351867
148,pool_neon:MAT_Prop_NeonRed_pool_0,0.685116,2.397906,5.138370
148,pool_neon:MAT_Prop_NeonRed_pool_1,0.685116,3.417957,5.138370
148,pool_neon:MAT_Prop_NeonRed_pool_2,0.685116,3.354042,5.138370
149,pool_neon:MAT_Prop_NeonRed_pool_0,0.974403,3.410411,7.308022
149,pool_neon:MAT_Prop_NeonRed_pool_1,0.974403,4.861174,7.308022
149,pool_neon:MAT_Prop_NeonRed_pool_2,0.974403,4.770271,7.308022
150,pool_neon:MAT_Prop_NeonRed_pool_0,0.932600,3.264100,6.994500
150,pool_neon:MAT_Prop_NeonRed_pool_1,0.932600,4.652624,6.994500
150,pool_neon:MAT_Prop_NeonRed_pool_2,0.932600,4.565621,6.994500
151,pool_neon:MAT_Prop_NeonRed_pool_0,0.926145,3.241507,6.946087
151,pool_neon:MAT_Prop_NeonRed_pool_1,0.926145,4.620421,6.946087
151,pool_neon:MAT_Prop_NeonRed_pool_2,0.926145,4.534020,6.946087
152,pool_neon:MAT_Prop_NeonRed_pool_0,0.985885,3.450598,7.394138
152,pool_neon:MAT_Prop_NeonRed_pool_1,0.985885,4.918456,7.394138
152,pool_neon:MAT_Prop_NeonRed_pool_2,0.985885,4.826482,7.394138
153,pool_neon:MAT_Prop_NeonRed_pool_0,0.982917,3.440209,7.371878
153,pool_neon:MAT_Prop_NeonRed_pool_1,0.982917,4.903649,7.371878
153,pool_neon:MAT_Prop_NeonRed_pool_2,0.982917,4.811952,7.371878
154,pool_neon:MAT_Prop_NeonRed_pool_0,0.985981,3.450934,7.394857
154,pool_neon:MAT_Prop_NeonRed_pool_1,0.985981,4.918935,7.394857
154,pool_neon:MAT_Prop_NeonRed_pool_2,0.985981,4.826952,7.394857
155,pool_neon:MAT_Prop_NeonRed_pool_0,0.945039,3.307637,7.087792
155,pool_neon:MAT_Prop_NeonRed_pool_1,0.945039,4.714680,7.087792
155,pool_neon:MAT_Prop_NeonRed_pool_2,0.945039,4.626517,7.087792
156,pool_neon:MAT_Prop_NeonRed_pool_0,0.929763,3.254170,6.973223
156,pool_neon:MAT_Prop_NeonRed_pool_1,0.929763,4.638470,6.973223
156,pool_neon:MAT_Prop_NeonRed_pool_2,0.929763,4.551732,6.973223
157,pool_neon:MAT_Prop_NeonRed_pool_0,0.939545,3.288407,7.046587
157,pool_neon:MAT_Prop_NeonRed_pool_1,0.939545,4.687272,7.046587
157,pool_neon:MAT_Prop_NeonRed_pool_2,0.939545,4.599621,7.046587
158,pool_neon:MAT_Prop_NeonRed_pool_0,0.983987,3.443954,7.379903
158,pool_neon:MAT_Prop_NeonRed_pool_1,0.983987,4.908987,7.379903
158,pool_neon:MAT_Prop_NeonRed_pool_2,0.983987,4.817190,7.379903
159,pool_neon:MAT_Prop_NeonRed_pool_0,0.924273,3.234955,6.932048
159,pool_neon:MAT_Prop_NeonRed_pool_1,0.924273,4.611082,6.932048
159,pool_neon:MAT_Prop_NeonRed_pool_2,0.924273,4.524855,6.932048
160,pool_neon:MAT_Prop_NeonRed_pool_0,0.937718,3.282013,7.032885
160,pool_neon:MAT_Prop_NeonRed_pool_1,0.937718,4.678157,7.032885
160,pool_neon:MAT_Prop_NeonRed_pool_2,0.937718,4.590676,7.032885
161,pool_neon:MAT_Prop_NeonRed_pool_0,0.942836,3.299926,7.071270
161,pool_neon:MAT_Prop_NeonRed_pool_1,0.942836,4.703690,7.071270
161,pool_neon:MAT_Prop_NeonRed_pool_2,0.942836,4.615732,7.071270
162,pool_neon:MAT_Prop_NeonRed_pool_0,0.936909,3.279181,7.026817
162,pool_neon:MAT_Prop_NeonRed_pool_1,0.936909,4.674121,7.026817
162,pool_neon:MAT_Prop_NeonRed_pool_2,0.936909,4.586716,7.026817
163,pool_neon:MAT_Prop_NeonRed_pool_0,0.983345,3.441708,7.375088
163,pool_neon:MAT_Prop_NeonRed_pool_1,0.983345,4.905784,7.375088
163,pool_neon:MAT_Prop_NeonRed_pool_2,0.983345,4.814047,7.375088
164,pool_neon:MAT_Prop_NeonRed_pool_0,0.783260,2.741410,5.874450
164,pool_neon:MAT_Prop_NeonRed_pool_1,0.783260,3.907585,5.874450
164,pool_neon:MAT_Prop_NeonRed_pool_2,0.783260,3.834514,5.874450
165,pool_neon:MAT_Prop_NeonRed_pool_0,0.986294,3.452029,7.397205
165,pool_neon:MAT_Prop_NeonRed_pool_1,0.986294,4.920496,7.397205
165,pool_neon:MAT_Prop_NeonRed_pool_2,0.986294,4.828484,7.397205
166,pool_neon:MAT_Prop_NeonRed_pool_0,0.985949,3.450821,7.394617
166,pool_neon:MAT_Prop_NeonRed_pool_1,0.985949,4.918775,7.394617
166,pool_neon:MAT_Prop_NeonRed_pool_2,0.985949,4.826795,7.394617
167,pool_neon:MAT_Prop_NeonRed_pool_0,0.984418,3.445463,7.383135
167,pool_neon:MAT_Prop_NeonRed_pool_1,0.984418,4.911137,7.383135
167,pool_neon:MAT_Prop_NeonRed_pool_2,0.984418,4.819300,7.383135
168,pool_neon:MAT_Prop_NeonRed_pool_0,0.930874,3.258059,6.981555
168,pool_neon:MAT_Prop_NeonRed_pool_1,0.930874,4.644013,6.981555
168,pool_neon:MAT_Prop_NeonRed_pool_2,0.930874,4.557171,6.981555
169,pool_neon:MAT_Prop_NeonRed_pool_0,0.926025,3.241087,6.945188
169,pool_neon:MAT_Prop_NeonRed_pool_1,0.926025,4.619822,6.945188
169,pool_neon:MAT_Prop_NeonRed_pool_2,0.926025,4.533432,6.945188
170,pool_neon:MAT_Prop_NeonRed_pool_0,0.985012,3.447542,7.387590
170,pool_neon:MAT_Prop_NeonRed_pool_1,0.985012,4.914101,7.387590
170,pool_neon:MAT_Prop_NeonRed_pool_2,0.985012,4.822208,7.387590
171,pool_neon:MAT_Prop_NeonRed_pool_0,0.934816,3.271856,7.011120
171,pool_neon:MAT_Prop_NeonRed_pool_1,0.934816,4.663679,7.011120
171,pool_neon:MAT_Prop_NeonRed_pool_2,0.934816,4.576469,7.011120
172,pool_neon:MAT_Prop_NeonRed_pool_0,0.986945,3.454307,7.402087
172,pool_neon:MAT_Prop_NeonRed_pool_1,0.986945,4.923744,7.402087
172,pool_neon:MAT_Prop_NeonRed_pool_2,0.986945,4.831671,7.402087
173,pool_neon:MAT_Prop_NeonRed_pool_0,0.975862,3.415517,7.318965
173,pool_neon:MAT_Prop_NeonRed_pool_1,0.975862,4.868453,7.318965
173,pool_neon:MAT_Prop_NeonRed_pool_2,0.975862,4.777413,7.318965
174,pool_neon:MAT_Prop_NeonRed_pool_0,0.982586,3.439051,7.369395
174,pool_neon:MAT_Prop_NeonRed_pool_1,0.982586,4.901998,7.369395
174,pool_neon:MAT_Prop_NeonRed_pool_2,0.982586,4.810331,7.369395
175,pool_neon:MAT_Prop_NeonRed_pool_0,0.962771,3.369699,7.220783
175,pool_neon:MAT_Prop_NeonRed_pool_1,0.962771,4.803143,7.220783
175,pool_neon:MAT_Prop_NeonRed_pool_2,0.962771,4.713325,7.220783
176,pool_neon:MAT_Prop_NeonRed_pool_0,0.952657,3.334299,7.144927
176,pool_neon:MAT_Prop_NeonRed_pool_1,0.952657,4.752686,7.144927
176,pool_neon:MAT_Prop_NeonRed_pool_2,0.952657,4.663811,7.144927
177,pool_neon:MAT_Prop_NeonRed_pool_0,0.942173,3.297605,7.066298
177,pool_neon:MAT_Prop_NeonRed_pool_1,0.942173,4.700382,7.066298
177,pool_neon:MAT_Prop_NeonRed_pool_2,0.942173,4.612486,7.066298
178,pool_neon:MAT_Prop_NeonRed_pool_0,0.932256,3.262896,6.991920
178,pool_neon:MAT_Prop_NeonRed_pool_1,0.932256,4.650908,6.991920
178,pool_neon:MAT_Prop_NeonRed_pool_2,0.932256,4.563937,6.991920
179,pool_neon:MAT_Prop_NeonRed_pool_0,0.699139,2.446986,5.243542
179,pool_neon:MAT_Prop_NeonRed_pool_1,0.699139,3.487916,5.243542
179,pool_neon:MAT_Prop_NeonRed_pool_2,0.699139,3.422693,5.243542
180,pool_neon:MAT_Prop_NeonRed_pool_0,0.925941,3.240794,6.944558
180,pool_neon:MAT_Prop_NeonRed_pool_1,0.925941,4.619403,6.944558
180,pool_neon:MAT_Prop_NeonRed_pool_2,0.925941,4.533021,6.944558
181,pool_neon:MAT_Prop_NeonRed_pool_0,0.978747,3.425615,7.340603
181,pool_neon:MAT_Prop_NeonRed_pool_1,0.978747,4.882845,7.340603
181,pool_neon:MAT_Prop_NeonRed_pool_2,0.978747,4.791537,7.340603
182,pool_neon:MAT_Prop_NeonRed_pool_0,0.983660,3.442810,7.377450
182,pool_neon:MAT_Prop_NeonRed_pool_1,0.983660,4.907356,7.377450
182,pool_neon:MAT_Prop_NeonRed_pool_2,0.983660,4.815589,7.377450
183,pool_neon:MAT_Prop_NeonRed_pool_0,0.935076,3.272766,7.013070
183,pool_neon:MAT_Prop_NeonRed_pool_1,0.935076,4.664976,7.013070
183,pool_neon:MAT_Prop_NeonRed_pool_2,0.935076,4.577742,7.013070
184,pool_neon:MAT_Prop_NeonRed_pool_0,0.972872,3.405052,7.296540
184,pool_neon:MAT_Prop_NeonRed_pool_1,0.972872,4.853536,7.296540
184,pool_neon:MAT_Prop_NeonRed_pool_2,0.972872,4.762776,7.296540
185,pool_neon:MAT_Prop_NeonRed_pool_0,0.967571,3.386499,7.256782
185,pool_neon:MAT_Prop_NeonRed_pool_1,0.967571,4.827090,7.256782
185,pool_neon:MAT_Prop_NeonRed_pool_2,0.967571,4.736824,7.256782
186,pool_neon:MAT_Prop_NeonRed_pool_0,0.979421,3.427973,7.345657
186,pool_neon:MAT_Prop_NeonRed_pool_1,0.979421,4.886208,7.345657
186,pool_neon:MAT_Prop_NeonRed_pool_2,0.979421,4.794837,7.345657
187,pool_neon:MAT_Prop_NeonRed_pool_0,0.938409,3.284432,7.038068
187,pool_neon:MAT_Prop_NeonRed_pool_1,0.938409,4.681604,7.038068
187,pool_neon:MAT_Prop_NeonRed_pool_2,0.938409,4.594059,7.038068
188,pool_neon:MAT_Prop_NeonRed_pool_0,0.984971,3.447399,7.387283
188,pool_neon:MAT_Prop_NeonRed_pool_1,0.984971,4.913896,7.387283
188,pool_neon:MAT_Prop_NeonRed_pool_2,0.984971,4.822007,7.387283
189,pool_neon:MAT_Prop_NeonRed_pool_0,0.972058,3.402203,7.290435
189,pool_neon:MAT_Prop_NeonRed_pool_1,0.972058,4.849475,7.290435
189,pool_neon:MAT_Prop_NeonRed_pool_2,0.972058,4.758791,7.290435
190,pool_neon:MAT_Prop_NeonRed_pool_0,0.921632,3.225712,6.912240
190,pool_neon:MAT_Prop_NeonRed_pool_1,0.921632,4.597906,6.912240
190,pool_neon:MAT_Prop_NeonRed_pool_2,0.921632,4.511926,6.912240
191,pool_neon:MAT_Prop_NeonRed_pool_0,0.987008,3.454528,7.402560
191,pool_neon:MAT_Prop_NeonRed_pool_1,0.987008,4.924059,7.402560
191,pool_neon:MAT_Prop_NeonRed_pool_2,0.987008,4.831980,7.402560
192,pool_neon:MAT_Prop_NeonRed_pool_0,0.973603,3.407611,7.302022
192,pool_neon:MAT_Prop_NeonRed_pool_1,0.973603,4.857183,7.302022
192,pool_neon:MAT_Prop_NeonRed_pool_2,0.973603,4.766354,7.302022
193,pool_neon:MAT_Prop_NeonRed_pool_0,0.930394,3.256379,6.977955
193,pool_neon:MAT_Prop_NeonRed_pool_1,0.930394,4.641618,6.977955
193,pool_neon:MAT_Prop_NeonRed_pool_2,0.930394,4.554821,6.977955
194,pool_neon:MAT_Prop_NeonRed_pool_0,0.972754,3.404639,7.295655
194,pool_neon:MAT_Prop_NeonRed_pool_1,0.972754,4.852947,7.295655
194,pool_neon:MAT_Prop_NeonRed_pool_2,0.972754,4.762198,7.295655
195,pool_neon:MAT_Prop_NeonRed_pool_0,0.976327,3.417145,7.322452
195,pool_neon:MAT_Prop_NeonRed_pool_1,0.976327,4.870772,7.322452
195,pool_neon:MAT_Prop_NeonRed_pool_2,0.976327,4.779690,7.322452
196,pool_neon:MAT_Prop_NeonRed_pool_0,0.940754,3.292639,7.055655
196,pool_neon:MAT_Prop_NeonRed_pool_1,0.940754,4.693303,7.055655
196,pool_neon:MAT_Prop_NeonRed_pool_2,0.940754,4.605539,7.055655
197,pool_neon:MAT_Prop_NeonRed_pool_0,0.980605,3.432117,7.354537
197,pool_neon:MAT_Prop_NeonRed_pool_1,0.980605,4.892115,7.354537
197,pool_neon:MAT_Prop_NeonRed_pool_2,0.980605,4.800633,7.354537
198,pool_neon:MAT_Prop_NeonRed_pool_0,0.937543,3.281401,7.031573
198,pool_neon:MAT_Prop_NeonRed_pool_1,0.937543,4.677284,7.031573
198,pool_neon:MAT_Prop_NeonRed_pool_2,0.937543,4.589820,7.031573
199,pool_neon:MAT_Prop_NeonRed_pool_0,0.958409,3.354432,7.188067
199,pool_neon:MAT_Prop_NeonRed_pool_1,0.958409,4.781382,7.188067
199,pool_neon:MAT_Prop_NeonRed_pool_2,0.958409,4.691971,7.188067
200,pool_neon:MAT_Prop_NeonRed_pool_0,0.973526,3.407341,7.301445
200,pool_neon:MAT_Prop_NeonRed_pool_1,0.973526,4.856799,7.301445
200,pool_neon:MAT_Prop_NeonRed_pool_2,0.973526,4.765977,7.301445
201,pool_neon:MAT_Prop_NeonRed_pool_0,0.935539,3.274386,7.016542
201,pool_neon:MAT_Prop_NeonRed_pool_1,0.935539,4.667286,7.016542
201,pool_neon:MAT_Prop_NeonRed_pool_2,0.935539,4.580009,7.016542
202,pool_neon:MAT_Prop_NeonRed_pool_0,0.940613,3.292146,7.054597
202,pool_neon:MAT_Prop_NeonRed_pool_1,0.940613,4.692600,7.054597
202,pool_neon:MAT_Prop_NeonRed_pool_2,0.940613,4.604849,7.054597
203,pool_neon:MAT_Prop_NeonRed_pool_0,0.938478,3.284673,7.038585
203,pool_neon:MAT_Prop_NeonRed_pool_1,0.938478,4.681948,7.038585
203,pool_neon:MAT_Prop_NeonRed_pool_2,0.938478,4.594397,7.038585
204,pool_neon:MAT_Prop_NeonRed_pool_0,0.948124,3.318434,7.110930
204,pool_neon:MAT_Prop_NeonRed_pool_1,0.948124,4.730071,7.110930
204,pool_neon:MAT_Prop_NeonRed_pool_2,0.948124,4.641620,7.110930
205,pool_neon:MAT_Prop_NeonRed_pool_0,0.790028,2.765098,5.925210
205,pool_neon:MAT_Prop_NeonRed_pool_1,0.790028,3.941350,5.925210
205,pool_neon:MAT_Prop_NeonRed_pool_2,0.790028,3.867648,5.925210
206,pool_neon:MAT_Prop_NeonRed_pool_0,0.953144,3.336004,7.148580
206,pool_neon:MAT_Prop_NeonRed_pool_1,0.953144,4.755115,7.148580
206,pool_neon:MAT_Prop_NeonRed_pool_2,0.953144,4.666196,7.148580
207,pool_neon:MAT_Prop_NeonRed_pool_0,0.985186,3.448151,7.388895
207,pool_neon:MAT_Prop_NeonRed_pool_1,0.985186,4.914969,7.388895
207,pool_neon:MAT_Prop_NeonRed_pool_2,0.985186,4.823060,7.388895
208,pool_neon:MAT_Prop_NeonRed_pool_0,0.932675,3.264363,6.995063
208,pool_neon:MAT_Prop_NeonRed_pool_1,0.932675,4.652998,6.995063
208,pool_neon:MAT_Prop_NeonRed_pool_2,0.932675,4.565988,6.995063
209,pool_neon:MAT_Prop_NeonRed_pool_0,0.933268,3.266438,6.999510
209,pool_neon:MAT_Prop_NeonRed_pool_1,0.933268,4.655956,6.999510
209,pool_neon:MAT_Prop_NeonRed_pool_2,0.933268,4.568891,6.999510
210,pool_neon:MAT_Prop_NeonRed_pool_0,0.986661,3.453314,7.399958
210,pool_neon:MAT_Prop_NeonRed_pool_1,0.986661,4.922327,7.399958
210,pool_neon:MAT_Prop_NeonRed_pool_2,0.986661,4.830281,7.399958
211,pool_neon:MAT_Prop_NeonRed_pool_0,0.982217,3.437759,7.366627
211,pool_neon:MAT_Prop_NeonRed_pool_1,0.982217,4.900157,7.366627
211,pool_neon:MAT_Prop_NeonRed_pool_2,0.982217,4.808525,7.366627
212,pool_neon:MAT_Prop_NeonRed_pool_0,0.976942,3.419297,7.327065
212,pool_neon:MAT_Prop_NeonRed_pool_1,0.976942,4.873841,7.327065
212,pool_neon:MAT_Prop_NeonRed_pool_2,0.976942,4.782701,7.327065
213,pool_neon:MAT_Prop_NeonRed_pool_0,0.987116,3.454906,7.403370
213,pool_neon:MAT_Prop_NeonRed_pool_1,0.987116,4.924597,7.403370
213,pool_neon:MAT_Prop_NeonRed_pool_2,0.987116,4.832508,7.403370
214,pool_neon:MAT_Prop_NeonRed_pool_0,0.981959,3.436857,7.364693
214,pool_neon:MAT_Prop_NeonRed_pool_1,0.981959,4.898870,7.364693
214,pool_neon:MAT_Prop_NeonRed_pool_2,0.981959,4.807262,7.364693
215,pool_neon:MAT_Prop_NeonRed_pool_0,0.986292,3.452022,7.397190
215,pool_neon:MAT_Prop_NeonRed_pool_1,0.986292,4.920487,7.397190
215,pool_neon:MAT_Prop_NeonRed_pool_2,0.986292,4.828474,7.397190
216,pool_neon:MAT_Prop_NeonRed_pool_0,0.925852,3.240482,6.943890
216,pool_neon:MAT_Prop_NeonRed_pool_1,0.925852,4.618959,6.943890
216,pool_neon:MAT_Prop_NeonRed_pool_2,0.925852,4.532585,6.943890
217,pool_neon:MAT_Prop_NeonRed_pool_0,0.951349,3.329721,7.135117
217,pool_neon:MAT_Prop_NeonRed_pool_1,0.951349,4.746160,7.135117
217,pool_neon:MAT_Prop_NeonRed_pool_2,0.951349,4.657408,7.135117
218,pool_neon:MAT_Prop_NeonRed_pool_0,0.972076,3.402266,7.290570
218,pool_neon:MAT_Prop_NeonRed_pool_1,0.972076,4.849565,7.290570
218,pool_neon:MAT_Prop_NeonRed_pool_2,0.972076,4.758879,7.290570
219,pool_neon:MAT_Prop_NeonRed_pool_0,0.934902,3.272157,7.011765
219,pool_neon:MAT_Prop_NeonRed_pool_1,0.934902,4.664108,7.011765
219,pool_neon:MAT_Prop_NeonRed_pool_2,0.934902,4.576890,7.011765
220,pool_neon:MAT_Prop_NeonRed_pool_0,0.955209,3.343231,7.164067
220,pool_neon:MAT_Prop_NeonRed_pool_1,0.955209,4.765417,7.164067
220,pool_neon:MAT_Prop_NeonRed_pool_2,0.955209,4.676305,7.164067
221,pool_neon:MAT_Prop_NeonRed_pool_0,0.947071,3.314748,7.103033
221,pool_neon:MAT_Prop_NeonRed_pool_1,0.947071,4.724818,7.103033
221,pool_neon:MAT_Prop_NeonRed_pool_2,0.947071,4.636465,7.103033
222,pool_neon:MAT_Prop_NeonRed_pool_0,0.922827,3.229894,6.921202
222,pool_neon:MAT_Prop_NeonRed_pool_1,0.922827,4.603868,6.921202
222,pool_neon:MAT_Prop_NeonRed_pool_2,0.922827,4.517776,6.921202
223,pool_neon:MAT_Prop_NeonRed_pool_0,0.931581,3.260534,6.986858
223,pool_neon:MAT_Prop_NeonRed_pool_1,0.931581,4.647540,6.986858
223,pool_neon:MAT_Prop_NeonRed_pool_2,0.931581,4.560632,6.986858
224,pool_neon:MAT_Prop_NeonRed_pool_0,0.960354,3.361239,7.202655
224,pool_neon:MAT_Prop_NeonRed_pool_1,0.960354,4.791085,7.202655
224,pool_neon:MAT_Prop_NeonRed_pool_2,0.960354,4.701493,7.202655
225,pool_neon:MAT_Prop_NeonRed_pool_0,0.957738,3.352083,7.183035
225,pool_neon:MAT_Prop_NeonRed_pool_1,0.957738,4.778034,7.183035
225,pool_neon:MAT_Prop_NeonRed_pool_2,0.957738,4.688686,7.183035
226,pool_neon:MAT_Prop_NeonRed_pool_0,0.989309,3.462581,7.419817
226,pool_neon:MAT_Prop_NeonRed_pool_1,0.989309,4.935538,7.419817
226,pool_neon:MAT_Prop_NeonRed_pool_2,0.989309,4.843244,7.419817
227,pool_neon:MAT_Prop_NeonRed_pool_0,0.979817,3.429360,7.348628
227,pool_neon:MAT_Prop_NeonRed_pool_1,0.979817,4.888184,7.348628
227,pool_neon:MAT_Prop_NeonRed_pool_2,0.979817,4.796775,7.348628
228,pool_neon:MAT_Prop_NeonRed_pool_0,0.975658,3.414803,7.317435
228,pool_neon:MAT_Prop_NeonRed_pool_1,0.975658,4.867435,7.317435
228,pool_neon:MAT_Prop_NeonRed_pool_2,0.975658,4.776415,7.317435
229,pool_neon:MAT_Prop_NeonRed_pool_0,0.981324,3.434634,7.359930
229,pool_neon:MAT_Prop_NeonRed_pool_1,0.981324,4.895702,7.359930
229,pool_neon:MAT_Prop_NeonRed_pool_2,0.981324,4.804153,7.359930
230,pool_neon:MAT_Prop_NeonRed_pool_0,0.925429,3.239001,6.940717
230,pool_neon:MAT_Prop_NeonRed_pool_1,0.925429,4.616849,6.940717
230,pool_neon:MAT_Prop_NeonRed_pool_2,0.925429,4.530514,6.940717
231,pool_neon:MAT_Prop_NeonRed_pool_0,0.684055,2.394192,5.130412
231,pool_neon:MAT_Prop_NeonRed_pool_1,0.684055,3.412664,5.130412
231,pool_neon:MAT_Prop_NeonRed_pool_2,0.684055,3.348848,5.130412
232,pool_neon:MAT_Prop_NeonRed_pool_0,0.922461,3.228613,6.918457
232,pool_neon:MAT_Prop_NeonRed_pool_1,0.922461,4.602042,6.918457
232,pool_neon:MAT_Prop_NeonRed_pool_2,0.922461,4.515984,6.918457
233,pool_neon:MAT_Prop_NeonRed_pool_0,0.965913,3.380695,7.244347
233,pool_neon:MAT_Prop_NeonRed_pool_1,0.965913,4.818818,7.244347
233,pool_neon:MAT_Prop_NeonRed_pool_2,0.965913,4.728707,7.244347
234,pool_neon:MAT_Prop_NeonRed_pool_0,0.935969,3.275892,7.019768
234,pool_neon:MAT_Prop_NeonRed_pool_1,0.935969,4.669431,7.019768
234,pool_neon:MAT_Prop_NeonRed_pool_2,0.935969,4.582114,7.019768
235,pool_neon:MAT_Prop_NeonRed_pool_0,0.931219,3.259266,6.984142
235,pool_neon:MAT_Prop_NeonRed_pool_1,0.931219,4.645734,6.984142
235,pool_neon:MAT_Prop_NeonRed_pool_2,0.931219,4.558860,6.984142
236,pool_neon:MAT_Prop_NeonRed_pool_0,0.933915,3.268703,7.004363
236,pool_neon:MAT_Prop_NeonRed_pool_1,0.933915,4.659184,7.004363
236,pool_neon:MAT_Prop_NeonRed_pool_2,0.933915,4.572058,7.004363
237,pool_neon:MAT_Prop_NeonRed_pool_0,0.984557,3.445950,7.384177
237,pool_neon:MAT_Prop_NeonRed_pool_1,0.984557,4.911831,7.384177
237,pool_neon:MAT_Prop_NeonRed_pool_2,0.984557,4.819981,7.384177
238,pool_neon:MAT_Prop_NeonRed_pool_0,0.982331,3.438158,7.367482
238,pool_neon:MAT_Prop_NeonRed_pool_1,0.982331,4.900726,7.367482
238,pool_neon:MAT_Prop_NeonRed_pool_2,0.982331,4.809083,7.367482
239,pool_neon:MAT_Prop_NeonRed_pool_0,0.978323,3.424131,7.337423
239,pool_neon:MAT_Prop_NeonRed_pool_1,0.978323,4.880730,7.337423
239,pool_neon:MAT_Prop_NeonRed_pool_2,0.978323,4.789461,7.337423
240,pool_neon:MAT_Prop_NeonRed_pool_0,0.954878,3.342073,7.161585
240,pool_neon:MAT_Prop_NeonRed_pool_1,0.954878,4.763766,7.161585
240,pool_neon:MAT_Prop_NeonRed_pool_2,0.954878,4.674685,7.161585
241,pool_neon:MAT_Prop_NeonRed_pool_0,0.973923,3.408730,7.304423
241,pool_neon:MAT_Prop_NeonRed_pool_1,0.973923,4.858779,7.304423
241,pool_neon:MAT_Prop_NeonRed_pool_2,0.973923,4.767921,7.304423
242,pool_neon:MAT_Prop_NeonRed_pool_0,0.981003,3.433510,7.357522
242,pool_neon:MAT_Prop_NeonRed_pool_1,0.981003,4.894100,7.357522
242,pool_neon:MAT_Prop_NeonRed_pool_2,0.981003,4.802582,7.357522
243,pool_neon:MAT_Prop_NeonRed_pool_0,0.974647,3.411265,7.309852
243,pool_neon:MAT_Prop_NeonRed_pool_1,0.974647,4.862391,7.309852
243,pool_neon:MAT_Prop_NeonRed_pool_2,0.974647,4.771465,7.309852
244,pool_neon:MAT_Prop_NeonRed_pool_0,0.960954,3.363339,7.207155
244,pool_neon:MAT_Prop_NeonRed_pool_1,0.960954,4.794078,7.207155
244,pool_neon:MAT_Prop_NeonRed_pool_2,0.960954,4.704430,7.207155
245,pool_neon:MAT_Prop_NeonRed_pool_0,0.932303,3.263060,6.992273
245,pool_neon:MAT_Prop_NeonRed_pool_1,0.932303,4.651142,6.992273
245,pool_neon:MAT_Prop_NeonRed_pool_2,0.932303,4.564167,6.992273
246,pool_neon:MAT_Prop_NeonRed_pool_0,0.988945,3.461307,7.417088
246,pool_neon:MAT_Prop_NeonRed_pool_1,0.988945,4.933722,7.417088
246,pool_neon:MAT_Prop_NeonRed_pool_2,0.988945,4.841462,7.417088
247,pool_neon:MAT_Prop_NeonRed_pool_0,0.980162,3.430567,7.351215
247,pool_neon:MAT_Prop_NeonRed_pool_1,0.980162,4.889905,7.351215
247,pool_neon:MAT_Prop_NeonRed_pool_2,0.980162,4.798464,7.351215
248,pool_neon:MAT_Prop_NeonRed_pool_0,0.989162,3.462067,7.418715
248,pool_neon:MAT_Prop_NeonRed_pool_1,0.989162,4.934805,7.418715
248,pool_neon:MAT_Prop_NeonRed_pool_2,0.989162,4.842525,7.418715
249,pool_neon:MAT_Prop_NeonRed_pool_0,0.943651,3.302779,7.077383
249,pool_neon:MAT_Prop_NeonRed_pool_1,0.943651,4.707756,7.077383
249,pool_neon:MAT_Prop_NeonRed_pool_2,0.943651,4.619722,7.077383
250,pool_neon:MAT_Prop_NeonRed_pool_0,0.966006,3.381021,7.245045
250,pool_neon:MAT_Prop_NeonRed_pool_1,0.966006,4.819282,7.245045
250,pool_neon:MAT_Prop_NeonRed_pool_2,0.966006,4.729163,7.245045
251,pool_neon:MAT_Prop_NeonRed_pool_0,0.947991,3.317969,7.109933
251,pool_neon:MAT_Prop_NeonRed_pool_1,0.947991,4.729408,7.109933
251,pool_neon:MAT_Prop_NeonRed_pool_2,0.947991,4.640969,7.109933
252,pool_neon:MAT_Prop_NeonRed_pool_0,0.943927,3.303744,7.079452
252,pool_neon:MAT_Prop_NeonRed_pool_1,0.943927,4.709133,7.079452
252,pool_neon:MAT_Prop_NeonRed_pool_2,0.943927,4.621073,7.079452
253,pool_neon:MAT_Prop_NeonRed_pool_0,0.770649,2.697272,5.779867
253,pool_neon:MAT_Prop_NeonRed_pool_1,0.770649,3.844671,5.779867
253,pool_neon:MAT_Prop_NeonRed_pool_2,0.770649,3.772776,5.779867
254,pool_neon:MAT_Prop_NeonRed_pool_0,0.955197,3.343189,7.163977
254,pool_neon:MAT_Prop_NeonRed_pool_1,0.955197,4.765357,7.163977
254,pool_neon:MAT_Prop_NeonRed_pool_2,0.955197,4.676246,7.163977
255,pool_neon:MAT_Prop_NeonRed_pool_0,0.975863,3.415520,7.318973
255,pool_neon:MAT_Prop_NeonRed_pool_1,0.975863,4.868458,7.318973
255,pool_neon:MAT_Prop_NeonRed_pool_2,0.975863,4.777418,7.318973
256,pool_neon:MAT_Prop_NeonRed_pool_0,0.987300,3.455550,7.404750
256,pool_neon:MAT_Prop_NeonRed_pool_1,0.987300,4.925515,7.404750
256,pool_neon:MAT_Prop_NeonRed_pool_2,0.987300,4.833409,7.404750
257,pool_neon:MAT_Prop_NeonRed_pool_0,0.986854,3.453989,7.401405
257,pool_neon:MAT_Prop_NeonRed_pool_1,0.986854,4.923290,7.401405
257,pool_neon:MAT_Prop_NeonRed_pool_2,0.986854,4.831226,7.401405
258,pool_neon:MAT_Prop_NeonRed_pool_0,0.940404,3.291414,7.053030
258,pool_neon:MAT_Prop_NeonRed_pool_1,0.940404,4.691557,7.053030
258,pool_neon:MAT_Prop_NeonRed_pool_2,0.940404,4.603826,7.053030
259,pool_neon:MAT_Prop_NeonRed_pool_0,0.923051,3.230678,6.922883
259,pool_neon:MAT_Prop_NeonRed_pool_1,0.923051,4.604985,6.922883
259,pool_neon:MAT_Prop_NeonRed_pool_2,0.923051,4.518873,6.922883
260,pool_neon:MAT_Prop_NeonRed_pool_0,0.961992,3.366972,7.214940
260,pool_neon:MAT_Prop_NeonRed_pool_1,0.961992,4.799257,7.214940
260,pool_neon:MAT_Prop_NeonRed_pool_2,0.961992,4.709512,7.214940
261,pool_neon:MAT_Prop_NeonRed_pool_0,0.986429,3.452501,7.398218
261,pool_neon:MAT_Prop_NeonRed_pool_1,0.986429,4.921170,7.398218
261,pool_neon:MAT_Prop_NeonRed_pool_2,0.986429,4.829145,7.398218
262,pool_neon:MAT_Prop_NeonRed_pool_0,0.977621,3.421673,7.332158
262,pool_neon:MAT_Prop_NeonRed_pool_1,0.977621,4.877228,7.332158
262,pool_neon:MAT_Prop_NeonRed_pool_2,0.977621,4.786025,7.332158
263,pool_neon:MAT_Prop_NeonRed_pool_0,0.974391,3.410369,7.307932
263,pool_neon:MAT_Prop_NeonRed_pool_1,0.974391,4.861114,7.307932
263,pool_neon:MAT_Prop_NeonRed_pool_2,0.974391,4.770212,7.307932
264,pool_neon:MAT_Prop_NeonRed_pool_0,0.966631,3.383209,7.249733
264,pool_neon:MAT_Prop_NeonRed_pool_1,0.966631,4.822400,7.249733
264,pool_neon:MAT_Prop_NeonRed_pool_2,0.966631,4.732222,7.249733
265,pool_neon:MAT_Prop_NeonRed_pool_0,0.979962,3.429867,7.349715
265,pool_neon:MAT_Prop_NeonRed_pool_1,0.979962,4.888907,7.349715
265,pool_neon:MAT_Prop_NeonRed_pool_2,0.979962,4.797485,7.349715
266,pool_neon:MAT_Prop_NeonRed_pool_0,0.979450,3.428075,7.345875
266,pool_neon:MAT_Prop_NeonRed_pool_1,0.979450,4.886353,7.345875
266,pool_neon:MAT_Prop_NeonRed_pool_2,0.979450,4.794979,7.345875
267,pool_neon:MAT_Prop_NeonRed_pool_0,0.979512,3.428292,7.346340
267,pool_neon:MAT_Prop_NeonRed_pool_1,0.979512,4.886662,7.346340
267,pool_neon:MAT_Prop_NeonRed_pool_2,0.979512,4.795282,7.346340
268,pool_neon:MAT_Prop_NeonRed_pool_0,0.972935,3.405273,7.297013
268,pool_neon:MAT_Prop_NeonRed_pool_1,0.972935,4.853850,7.297013
268,pool_neon:MAT_Prop_NeonRed_pool_2,0.972935,4.763084,7.297013
269,pool_neon:MAT_Prop_NeonRed_pool_0,0.958592,3.355072,7.189440
269,pool_neon:MAT_Prop_NeonRed_pool_1,0.958592,4.782295,7.189440
269,pool_neon:MAT_Prop_NeonRed_pool_2,0.958592,4.692867,7.189440
270,pool_neon:MAT_Prop_NeonRed_pool_0,0.972358,3.403253,7.292685
270,pool_neon:MAT_Prop_NeonRed_pool_1,0.972358,4.850972,7.292685
270,pool_neon:MAT_Prop_NeonRed_pool_2,0.972358,4.760259,7.292685
271,pool_neon:MAT_Prop_NeonRed_pool_0,0.975059,3.412707,7.312943
271,pool_neon:MAT_Prop_NeonRed_pool_1,0.975059,4.864446,7.312943
271,pool_neon:MAT_Prop_NeonRed_pool_2,0.975059,4.773482,7.312943
272,pool_neon:MAT_Prop_NeonRed_pool_0,0.982227,3.437794,7.366702
272,pool_neon:MAT_Prop_NeonRed_pool_1,0.982227,4.900207,7.366702
272,pool_neon:MAT_Prop_NeonRed_pool_2,0.982227,4.808574,7.366702
273,pool_neon:MAT_Prop_NeonRed_pool_0,0.986604,3.453114,7.399530
273,pool_neon:MAT_Prop_NeonRed_pool_1,0.986604,4.922043,7.399530
273,pool_neon:MAT_Prop_NeonRed_pool_2,0.986604,4.830002,7.399530
274,pool_neon:MAT_Prop_NeonRed_pool_0,0.988700,3.460450,7.415250
274,pool_neon:MAT_Prop_NeonRed_pool_1,0.988700,4.932500,7.415250
274,pool_neon:MAT_Prop_NeonRed_pool_2,0.988700,4.840263,7.415250
275,pool_neon:MAT_Prop_NeonRed_pool_0,0.986251,3.451878,7.396883
275,pool_neon:MAT_Prop_NeonRed_pool_1,0.986251,4.920282,7.396883
275,pool_neon:MAT_Prop_NeonRed_pool_2,0.986251,4.828274,7.396883
276,pool_neon:MAT_Prop_NeonRed_pool_0,0.969478,3.393173,7.271085
276,pool_neon:MAT_Prop_NeonRed_pool_1,0.969478,4.836604,7.271085
276,pool_neon:MAT_Prop_NeonRed_pool_2,0.969478,4.746160,7.271085
277,pool_neon:MAT_Prop_NeonRed_pool_0,0.974390,3.410365,7.307925
277,pool_neon:MAT_Prop_NeonRed_pool_1,0.974390,4.861109,7.307925
277,pool_neon:MAT_Prop_NeonRed_pool_2,0.974390,4.770207,7.307925
278,pool_neon:MAT_Prop_NeonRed_pool_0,0.976696,3.418436,7.325220
278,pool_neon:MAT_Prop_NeonRed_pool_1,0.976696,4.872613,7.325220
278,pool_neon:MAT_Prop_NeonRed_pool_2,0.976696,4.781496,7.325220
279,pool_neon:MAT_Prop_NeonRed_pool_0,0.988982,3.461437,7.417365
279,pool_neon:MAT_Prop_NeonRed_pool_1,0.988982,4.933907,7.417365
279,pool_neon:MAT_Prop_NeonRed_pool_2,0.988982,4.841643,7.417365
280,pool_neon:MAT_Prop_NeonRed_pool_0,0.727714,2.546999,5.457855
280,pool_neon:MAT_Prop_NeonRed_pool_1,0.727714,3.630473,5.457855
280,pool_neon:MAT_Prop_NeonRed_pool_2,0.727714,3.562584,5.457855
281,pool_neon:MAT_Prop_NeonRed_pool_0,0.920476,3.221666,6.903570
281,pool_neon:MAT_Prop_NeonRed_pool_1,0.920476,4.592139,6.903570
281,pool_neon:MAT_Prop_NeonRed_pool_2,0.920476,4.506267,6.903570
282,pool_neon:MAT_Prop_NeonRed_pool_0,0.979682,3.428887,7.347615
282,pool_neon:MAT_Prop_NeonRed_pool_1,0.979682,4.887510,7.347615
282,pool_neon:MAT_Prop_NeonRed_pool_2,0.979682,4.796115,7.347615
283,pool_neon:MAT_Prop_NeonRed_pool_0,0.966737,3.383579,7.250527
283,pool_neon:MAT_Prop_NeonRed_pool_1,0.966737,4.822929,7.250527
283,pool_neon:MAT_Prop_NeonRed_pool_2,0.966737,4.732741,7.250527
284,pool_neon:MAT_Prop_NeonRed_pool_0,0.957922,3.352727,7.184415
284,pool_neon:MAT_Prop_NeonRed_pool_1,0.957922,4.778952,7.184415
284,pool_neon:MAT_Prop_NeonRed_pool_2,0.957922,4.689587,7.184415
285,pool_neon:MAT_Prop_NeonRed_pool_0,0.940859,3.293007,7.056443
285,pool_neon:MAT_Prop_NeonRed_pool_1,0.940859,4.693827,7.056443
285,pool_neon:MAT_Prop_NeonRed_pool_2,0.940859,4.606053,7.056443
286,pool_neon:MAT_Prop_NeonRed_pool_0,0.941881,3.296583,7.064107
286,pool_neon:MAT_Prop_NeonRed_pool_1,0.941881,4.698926,7.064107
286,pool_neon:MAT_Prop_NeonRed_pool_2,0.941881,4.611057,7.064107
287,pool_neon:MAT_Prop_NeonRed_pool_0,0.947913,3.317696,7.109348
287,pool_neon:MAT_Prop_NeonRed_pool_1,0.947913,4.729019,7.109348
287,pool_neon:MAT_Prop_NeonRed_pool_2,0.947913,4.640587,7.109348
288,pool_neon:MAT_Prop_NeonRed_pool_0,0.929357,3.252750,6.970178
288,pool_neon:MAT_Prop_NeonRed_pool_1,0.929357,4.636445,6.970178
288,pool_neon:MAT_Prop_NeonRed_pool_2,0.929357,4.549744,6.970178
289,pool_neon:MAT_Prop_NeonRed_pool_0,0.982854,3.439989,7.371405
289,pool_neon:MAT_Prop_NeonRed_pool_1,0.982854,4.903335,7.371405
289,pool_neon:MAT_Prop_NeonRed_pool_2,0.982854,4.811643,7.371405
290,pool_neon:MAT_Prop_NeonRed_pool_0,0.976073,3.416256,7.320547
290,pool_neon:MAT_Prop_NeonRed_pool_1,0.976073,4.869505,7.320547
290,pool_neon:MAT_Prop_NeonRed_pool_2,0.976073,4.778446,7.320547
291,pool_neon:MAT_Prop_NeonRed_pool_0,0.954184,3.339644,7.156380
291,pool_neon:MAT_Prop_NeonRed_pool_1,0.954184,4.760304,7.156380
291,pool_neon:MAT_Prop_NeonRed_pool_2,0.954184,4.671287,7.156380
292,pool_neon:MAT_Prop_NeonRed_pool_0,0.986958,3.454353,7.402185
292,pool_neon:MAT_Prop_NeonRed_pool_1,0.986958,4.923809,7.402185
292,pool_neon:MAT_Prop_NeonRed_pool_2,0.986958,4.831735,7.402185
293,pool_neon:MAT_Prop_NeonRed_pool_0,0.943468,3.302138,7.076010
293,pool_neon:MAT_Prop_NeonRed_pool_1,0.943468,4.706843,7.076010
293,pool_neon:MAT_Prop_NeonRed_pool_2,0.943468,4.618826,7.076010
294,pool_neon:MAT_Prop_NeonRed_pool_0,0.986959,3.454357,7.402192
294,pool_neon:MAT_Prop_NeonRed_pool_1,0.986959,4.923814,7.402192
294,pool_neon:MAT_Prop_NeonRed_pool_2,0.986959,4.831740,7.402192
295,pool_neon:MAT_Prop_NeonRed_pool_0,0.935664,3.274824,7.017480
295,pool_neon:MAT_Prop_NeonRed_pool_1,0.935664,4.667910,7.017480
295,pool_neon:MAT_Prop_NeonRed_pool_2,0.935664,4.580621,7.017480
296,pool_neon:MAT_Prop_NeonRed_pool_0,0.984025,3.444088,7.380187
296,pool_neon:MAT_Prop_NeonRed_pool_1,0.984025,4.909177,7.380187
296,pool_neon:MAT_Prop_NeonRed_pool_2,0.984025,4.817376,7.380187
297,pool_neon:MAT_Prop_NeonRed_pool_0,0.973054,3.405689,7.297905
297,pool_neon:MAT_Prop_NeonRed_pool_1,0.973054,4.854444,7.297905
297,pool_neon:MAT_Prop_NeonRed_pool_2,0.973054,4.763667,7.297905
298,pool_neon:MAT_Prop_NeonRed_pool_0,0.922272,3.227952,6.917040
298,pool_neon:MAT_Prop_NeonRed_pool_1,0.922272,4.601099,6.917040
298,pool_neon:MAT_Prop_NeonRed_pool_2,0.922272,4.515059,6.917040
299,pool_neon:MAT_Prop_NeonRed_pool_0,0.984878,3.447073,7.386585
299,pool_neon:MAT_Prop_NeonRed_pool_1,0.984878,4.913432,7.386585
299,pool_neon:MAT_Prop_NeonRed_pool_2,0.984878,4.821552,7.386585
300,pool_neon:MAT_Prop_NeonRed_pool_0,0.413434,1.447019,3.100755
300,pool_neon:MAT_Prop_NeonRed_pool_1,0.413434,2.062570,3.100755
300,pool_neon:MAT_Prop_NeonRed_pool_2,0.413434,2.024000,3.100755
301,pool_neon:MAT_Prop_NeonRed_pool_0,0.395028,1.382598,2.962710
301,pool_neon:MAT_Prop_NeonRed_pool_1,0.395028,1.970745,2.962710
301,pool_neon:MAT_Prop_NeonRed_pool_2,0.395028,1.933892,2.962710
302,pool_neon:MAT_Prop_NeonRed_pool_0,0.407099,1.424846,3.053243
302,pool_neon:MAT_Prop_NeonRed_pool_1,0.407099,2.030966,3.053243
302,pool_neon:MAT_Prop_NeonRed_pool_2,0.407099,1.992987,3.053243
303,pool_neon:MAT_Prop_NeonRed_pool_0,0.980235,3.430822,7.351762
303,pool_neon:MAT_Prop_NeonRed_pool_1,0.980235,4.890269,7.351762
303,pool_neon:MAT_Prop_NeonRed_pool_2,0.980235,4.798822,7.351762
304,pool_neon:MAT_Prop_NeonRed_pool_0,0.975276,3.413466,7.314570
304,pool_neon:MAT_Prop_NeonRed_pool_1,0.975276,4.865529,7.314570
304,pool_neon:MAT_Prop_NeonRed_pool_2,0.975276,4.774545,7.314570
305,pool_neon:MAT_Prop_NeonRed_pool_0,0.986670,3.453345,7.400025
305,pool_neon:MAT_Prop_NeonRed_pool_1,0.986670,4.922372,7.400025
305,pool_neon:MAT_Prop_NeonRed_pool_2,0.986670,4.830325,7.400025
306,pool_neon:MAT_Prop_NeonRed_pool_0,0.963308,3.371578,7.224810
306,pool_neon:MAT_Prop_NeonRed_pool_1,0.963308,4.805822,7.224810
306,pool_neon:MAT_Prop_NeonRed_pool_2,0.963308,4.715954,7.224810
307,pool_neon:MAT_Prop_NeonRed_pool_0,0.983349,3.441721,7.375117
307,pool_neon:MAT_Prop_NeonRed_pool_1,0.983349,4.905804,7.375117
307,pool_neon:MAT_Prop_NeonRed_pool_2,0.983349,4.814067,7.375117
308,pool_neon:MAT_Prop_NeonRed_pool_0,0.926541,3.242893,6.949057
308,pool_neon:MAT_Prop_NeonRed_pool_1,0.926541,4.622396,6.949057
308,pool_neon:MAT_Prop_NeonRed_pool_2,0.926541,4.535958,6.949057
309,pool_neon:MAT_Prop_NeonRed_pool_0,0.977489,3.421212,7.331168
309,pool_neon:MAT_Prop_NeonRed_pool_1,0.977489,4.876569,7.331168
309,pool_neon:MAT_Prop_NeonRed_pool_2,0.977489,4.785379,7.331168
310,pool_neon:MAT_Prop_NeonRed_pool_0,0.977870,3.422545,7.334025
310,pool_neon:MAT_Prop_NeonRed_pool_1,0.977870,4.878470,7.334025
310,pool_neon:MAT_Prop_NeonRed_pool_2,0.977870,4.787244,7.334025
311,pool_neon:MAT_Prop_NeonRed_pool_0,0.938293,3.284026,7.037198
311,pool_neon:MAT_Prop_NeonRed_pool_1,0.938293,4.681026,7.037198
311,pool_neon:MAT_Prop_NeonRed_pool_2,0.938293,4.593491,7.037198
312,pool_neon:MAT_Prop_NeonRed_pool_0,0.930212,3.255742,6.976590
312,pool_neon:MAT_Prop_NeonRed_pool_1,0.930212,4.640710,6.976590
312,pool_neon:MAT_Prop_NeonRed_pool_2,0.930212,4.553930,6.976590
313,pool_neon:MAT_Prop_NeonRed_pool_0,0.978115,3.423402,7.335862
313,pool_neon:MAT_Prop_NeonRed_pool_1,0.978115,4.879692,7.335862
313,pool_neon:MAT_Prop_NeonRed_pool_2,0.978115,4.788443,7.335862
314,pool_neon:MAT_Prop_NeonRed_pool_0,0.980134,3.430469,7.351005
314,pool_neon:MAT_Prop_NeonRed_pool_1,0.980134,4.889765,7.351005
314,pool_neon:MAT_Prop_NeonRed_pool_2,0.980134,4.798327,7.351005
315,pool_neon:MAT_Prop_NeonRed_pool_0,0.940388,3.291358,7.052910
315,pool_neon:MAT_Prop_NeonRed_pool_1,0.940388,4.691477,7.052910
315,pool_neon:MAT_Prop_NeonRed_pool_2,0.940388,4.603748,7.052910
316,pool_neon:MAT_Prop_NeonRed_pool_0,0.973314,3.406599,7.299855
316,pool_neon:MAT_Prop_NeonRed_pool_1,0.973314,4.855741,7.299855
316,pool_neon:MAT_Prop_NeonRed_pool_2,0.973314,4.764939,7.299855
317,pool_neon:MAT_Prop_NeonRed_pool_0,0.976337,3.417180,7.322527
317,pool_neon:MAT_Prop_NeonRed_pool_1,0.976337,4.870822,7.322527
317,pool_neon:MAT_Prop_NeonRed_pool_2,0.976337,4.779739,7.322527
318,pool_neon:MAT_Prop_NeonRed_pool_0,0.985366,3.448781,7.390245
318,pool_neon:MAT_Prop_NeonRed_pool_1,0.985366,4.915867,7.390245
318,pool_neon:MAT_Prop_NeonRed_pool_2,0.985366,4.823941,7.390245
319,pool_neon:MAT_Prop_NeonRed_pool_0,0.985870,3.450545,7.394025
319,pool_neon:MAT_Prop_NeonRed_pool_1,0.985870,4.918381,7.394025
319,pool_neon:MAT_Prop_NeonRed_pool_2,0.985870,4.826408,7.394025
320,pool_neon:MAT_Prop_NeonRed_pool_0,0.977578,3.421523,7.331835
320,pool_neon:MAT_Prop_NeonRed_pool_1,0.977578,4.877013,7.331835
320,pool_neon:MAT_Prop_NeonRed_pool_2,0.977578,4.785814,7.331835
321,pool_neon:MAT_Prop_NeonRed_pool_0,0.934841,3.271943,7.011308
321,pool_neon:MAT_Prop_NeonRed_pool_1,0.934841,4.663804,7.011308
321,pool_neon:MAT_Prop_NeonRed_pool_2,0.934841,4.576592,7.011308
322,pool_neon:MAT_Prop_NeonRed_pool_0,0.986352,3.452232,7.397640
322,pool_neon:MAT_Prop_NeonRed_pool_1,0.986352,4.920786,7.397640
322,pool_neon:MAT_Prop_NeonRed_pool_2,0.986352,4.828768,7.397640
323,pool_neon:MAT_Prop_NeonRed_pool_0,0.973138,3.405983,7.298535
323,pool_neon:MAT_Prop_NeonRed_pool_1,0.973138,4.854863,7.298535
323,pool_neon:MAT_Prop_NeonRed_pool_2,0.973138,4.764078,7.298535
324,pool_neon:MAT_Prop_NeonRed_pool_0,0.777356,2.720746,5.830170
324,pool_neon:MAT_Prop_NeonRed_pool_1,0.777356,3.878131,5.830170
324,pool_neon:MAT_Prop_NeonRed_pool_2,0.777356,3.805611,5.830170
325,pool_neon:MAT_Prop_NeonRed_pool_0,0.965537,3.379379,7.241528
325,pool_neon:MAT_Prop_NeonRed_pool_1,0.965537,4.816942,7.241528
325,pool_neon:MAT_Prop_NeonRed_pool_2,0.965537,4.726867,7.241528
326,pool_neon:MAT_Prop_NeonRed_pool_0,0.924639,3.236236,6.934793
326,pool_neon:MAT_Prop_NeonRed_pool_1,0.924639,4.612907,6.934793
326,pool_neon:MAT_Prop_NeonRed_pool_2,0.924639,4.526647,6.934793
327,pool_neon:MAT_Prop_NeonRed_pool_0,0.976595,3.418083,7.324463
327,pool_neon:MAT_Prop_NeonRed_pool_1,0.976595,4.872109,7.324463
327,pool_neon:MAT_Prop_NeonRed_pool_2,0.976595,4.781002,7.324463
328,pool_neon:MAT_Prop_NeonRed_pool_0,0.350014,1.225049,2.625105
328,pool_neon:MAT_Prop_NeonRed_pool_1,0.350014,1.746176,2.625105
328,pool_neon:MAT_Prop_NeonRed_pool_2,0.350014,1.713523,2.625105
329,pool_neon:MAT_Prop_NeonRed_pool_0,0.351388,1.229858,2.635410
329,pool_neon:MAT_Prop_NeonRed_pool_1,0.351388,1.753030,2.635410
329,pool_neon:MAT_Prop_NeonRed_pool_2,0.351388,1.720249,2.635410
330,pool_neon:MAT_Prop_NeonRed_pool_0,0.344244,1.204854,2.581830
330,pool_neon:MAT_Prop_NeonRed_pool_1,0.344244,1.717390,2.581830
330,pool_neon:MAT_Prop_NeonRed_pool_2,0.344244,1.685275,2.581830
331,pool_neon:MAT_Prop_NeonRed_pool_0,0.965863,3.380521,7.243972
331,pool_neon:MAT_Prop_NeonRed_pool_1,0.965863,4.818569,7.243972
331,pool_neon:MAT_Prop_NeonRed_pool_2,0.965863,4.728462,7.243972
332,pool_neon:MAT_Prop_NeonRed_pool_0,0.930252,3.255882,6.976890
332,pool_neon:MAT_Prop_NeonRed_pool_1,0.930252,4.640910,6.976890
332,pool_neon:MAT_Prop_NeonRed_pool_2,0.930252,4.554126,6.976890
333,pool_neon:MAT_Prop_NeonRed_pool_0,0.930184,3.255644,6.976380
333,pool_neon:MAT_Prop_NeonRed_pool_1,0.930184,4.640571,6.976380
333,pool_neon:MAT_Prop_NeonRed_pool_2,0.930184,4.553793,6.976380
334,pool_neon:MAT_Prop_NeonRed_pool_0,0.973713,3.407996,7.302848
334,pool_neon:MAT_Prop_NeonRed_pool_1,0.973713,4.857731,7.302848
334,pool_neon:MAT_Prop_NeonRed_pool_2,0.973713,4.766893,7.302848
335,pool_neon:MAT_Prop_NeonRed_pool_0,0.937070,3.279745,7.028025
335,pool_neon:MAT_Prop_NeonRed_pool_1,0.937070,4.674924,7.028025
335,pool_neon:MAT_Prop_NeonRed_pool_2,0.937070,4.587504,7.028025
336,pool_neon:MAT_Prop_NeonRed_pool_0,0.979541,3.428393,7.346558
336,pool_neon:MAT_Prop_NeonRed_pool_1,0.979541,4.886807,7.346558
336,pool_neon:MAT_Prop_NeonRed_pool_2,0.979541,4.795424,7.346558
337,pool_neon:MAT_Prop_NeonRed_pool_0,0.978140,3.423490,7.336050
337,pool_neon:MAT_Prop_NeonRed_pool_1,0.978140,4.879817,7.336050
337,pool_neon:MAT_Prop_NeonRed_pool_2,0.978140,4.788566,7.336050
338,pool_neon:MAT_Prop_NeonRed_pool_0,0.974801,3.411803,7.311008
338,pool_neon:MAT_Prop_NeonRed_pool_1,0.974801,4.863159,7.311008
338,pool_neon:MAT_Prop_NeonRed_pool_2,0.974801,4.772219,7.311008
339,pool_neon:MAT_Prop_NeonRed_pool_0,0.953188,3.336158,7.148910
339,pool_neon:MAT_Prop_NeonRed_pool_1,0.953188,4.755335,7.148910
339,pool_neon:MAT_Prop_NeonRed_pool_2,0.953188,4.666411,7.148910
340,pool_neon:MAT_Prop_NeonRed_pool_0,0.923147,3.231015,6.923603
340,pool_neon:MAT_Prop_NeonRed_pool_1,0.923147,4.605464,6.923603
340,pool_neon:MAT_Prop_NeonRed_pool_2,0.923147,4.519343,6.923603
341,pool_neon:MAT_Prop_NeonRed_pool_0,0.960096,3.360336,7.200720
341,pool_neon:MAT_Prop_NeonRed_pool_1,0.960096,4.789798,7.200720
341,pool_neon:MAT_Prop_NeonRed_pool_2,0.960096,4.700230,7.200720
342,pool_neon:MAT_Prop_NeonRed_pool_0,0.924457,3.235599,6.933427
342,pool_neon:MAT_Prop_NeonRed_pool_1,0.924457,4.611999,6.933427
342,pool_neon:MAT_Prop_NeonRed_pool_2,0.924457,4.525756,6.933427
343,pool_neon:MAT_Prop_NeonRed_pool_0,0.974913,3.412196,7.311847
343,pool_neon:MAT_Prop_NeonRed_pool_1,0.974913,4.863718,7.311847
343,pool_neon:MAT_Prop_NeonRed_pool_2,0.974913,4.772768,7.311847
344,pool_neon:MAT_Prop_NeonRed_pool_0,0.972686,3.404401,7.295145
344,pool_neon:MAT_Prop_NeonRed_pool_1,0.972686,4.852608,7.295145
344,pool_neon:MAT_Prop_NeonRed_pool_2,0.972686,4.761865,7.295145
345,pool_neon:MAT_Prop_NeonRed_pool_0,0.989165,3.462077,7.418737
345,pool_neon:MAT_Prop_NeonRed_pool_1,0.989165,4.934820,7.418737
345,pool_neon:MAT_Prop_NeonRed_pool_2,0.989165,4.842539,7.418737
346,pool_neon:MAT_Prop_NeonRed_pool_0,0.972330,3.403155,7.292475
346,pool_neon:MAT_Prop_NeonRed_pool_1,0.972330,4.850832,7.292475
346,pool_neon:MAT_Prop_NeonRed_pool_2,0.972330,4.760122,7.292475
347,pool_neon:MAT_Prop_NeonRed_pool_0,0.949689,3.323911,7.122668
347,pool_neon:MAT_Prop_NeonRed_pool_1,0.949689,4.737879,7.122668
347,pool_neon:MAT_Prop_NeonRed_pool_2,0.949689,4.649281,7.122668
348,pool_neon:MAT_Prop_NeonRed_pool_0,0.705797,2.470289,5.293477
348,pool_neon:MAT_Prop_NeonRed_pool_1,0.705797,3.521132,5.293477
348,pool_neon:MAT_Prop_NeonRed_pool_2,0.705797,3.455288,5.293477
349,pool_neon:MAT_Prop_NeonRed_pool_0,0.982848,3.439968,7.371360
349,pool_neon:MAT_Prop_NeonRed_pool_1,0.982848,4.903305,7.371360
349,pool_neon:MAT_Prop_NeonRed_pool_2,0.982848,4.811614,7.371360
350,pool_neon:MAT_Prop_NeonRed_pool_0,0.959110,3.356885,7.193325
350,pool_neon:MAT_Prop_NeonRed_pool_1,0.959110,4.784879,7.193325
350,pool_neon:MAT_Prop_NeonRed_pool_2,0.959110,4.695403,7.193325
351,pool_neon:MAT_Prop_NeonRed_pool_0,0.936432,3.277512,7.023240
351,pool_neon:MAT_Prop_NeonRed_pool_1,0.936432,4.671741,7.023240
351,pool_neon:MAT_Prop_NeonRed_pool_2,0.936432,4.584381,7.023240
352,pool_neon:MAT_Prop_NeonRed_pool_0,0.959660,3.358810,7.197450
352,pool_neon:MAT_Prop_NeonRed_pool_1,0.959660,4.787623,7.197450
352,pool_neon:MAT_Prop_NeonRed_pool_2,0.959660,4.698095,7.197450
353,pool_neon:MAT_Prop_NeonRed_pool_0,0.980898,3.433143,7.356735
353,pool_neon:MAT_Prop_NeonRed_pool_1,0.980898,4.893577,7.356735
353,pool_neon:MAT_Prop_NeonRed_pool_2,0.980898,4.802068,7.356735
354,pool_neon:MAT_Prop_NeonRed_pool_0,0.960000,3.360000,7.200000
354,pool_neon:MAT_Prop_NeonRed_pool_1,0.960000,4.789319,7.200000
354,pool_neon:MAT_Prop_NeonRed_pool_2,0.960000,4.699760,7.200000
355,pool_neon:MAT_Prop_NeonRed_pool_0,0.772800,2.704800,5.796000
355,pool_neon:MAT_Prop_NeonRed_pool_1,0.772800,3.855402,5.796000
355,pool_neon:MAT_Prop_NeonRed_pool_2,0.772800,3.783307,5.796000
356,pool_neon:MAT_Prop_NeonRed_pool_0,0.955600,3.344600,7.167000
356,pool_neon:MAT_Prop_NeonRed_pool_1,0.955600,4.767368,7.167000
356,pool_neon:MAT_Prop_NeonRed_pool_2,0.955600,4.678219,7.167000
357,pool_neon:MAT_Prop_NeonRed_pool_0,0.981567,3.435484,7.361752
357,pool_neon:MAT_Prop_NeonRed_pool_1,0.981567,4.896914,7.361752
357,pool_neon:MAT_Prop_NeonRed_pool_2,0.981567,4.805343,7.361752
358,pool_neon:MAT_Prop_NeonRed_pool_0,0.939751,3.289128,7.048133
358,pool_neon:MAT_Prop_NeonRed_pool_1,0.939751,4.688299,7.048133
358,pool_neon:MAT_Prop_NeonRed_pool_2,0.939751,4.600629,7.048133
359,pool_neon:MAT_Prop_NeonRed_pool_0,0.983744,3.443104,7.378080
359,pool_neon:MAT_Prop_NeonRed_pool_1,0.983744,4.907775,7.378080
359,pool_neon:MAT_Prop_NeonRed_pool_2,0.983744,4.816000,7.378080
360,pool_neon:MAT_Prop_NeonRed_pool_0,0.975212,3.413242,7.314090
360,pool_neon:MAT_Prop_NeonRed_pool_1,0.975212,4.865210,7.314090
360,pool_neon:MAT_Prop_NeonRed_pool_2,0.975212,4.774231,7.314090
361,pool_neon:MAT_Prop_NeonRed_pool_0,0.980858,3.433003,7.356435
361,pool_neon:MAT_Prop_NeonRed_pool_1,0.980858,4.893377,7.356435
361,pool_neon:MAT_Prop_NeonRed_pool_2,0.980858,4.801872,7.356435
362,pool_neon:MAT_Prop_NeonRed_pool_0,0.943587,3.302554,7.076902
362,pool_neon:MAT_Prop_NeonRed_pool_1,0.943587,4.707437,7.076902
362,pool_neon:MAT_Prop_NeonRed_pool_2,0.943587,4.619408,7.076902
363,pool_neon:MAT_Prop_NeonRed_pool_0,0.933509,3.267282,7.001317
363,pool_neon:MAT_Prop_NeonRed_pool_1,0.933509,4.657159,7.001317
363,pool_neon:MAT_Prop_NeonRed_pool_2,0.933509,4.570071,7.001317
364,pool_neon:MAT_Prop_NeonRed_pool_0,0.977436,3.421026,7.330770
364,pool_neon:MAT_Prop_NeonRed_pool_1,0.977436,4.876305,7.330770
364,pool_neon:MAT_Prop_NeonRed_pool_2,0.977436,4.785119,7.330770
365,pool_neon:MAT_Prop_NeonRed_pool_0,0.955783,3.345241,7.168373
365,pool_neon:MAT_Prop_NeonRed_pool_1,0.955783,4.768281,7.168373
365,pool_neon:MAT_Prop_NeonRed_pool_2,0.955783,4.679115,7.168373
366,pool_neon:MAT_Prop_NeonRed_pool_0,0.972747,3.404615,7.295603
366,pool_neon:MAT_Prop_NeonRed_pool_1,0.972747,4.852912,7.295603
366,pool_neon:MAT_Prop_NeonRed_pool_2,0.972747,4.762164,7.295603
367,pool_neon:MAT_Prop_NeonRed_pool_0,0.937986,3.282951,7.034895
367,pool_neon:MAT_Prop_NeonRed_pool_1,0.937986,4.679494,7.034895
367,pool_neon:MAT_Prop_NeonRed_pool_2,0.937986,4.591988,7.034895
368,pool_neon:MAT_Prop_NeonRed_pool_0,0.936195,3.276683,7.021463
368,pool_neon:MAT_Prop_NeonRed_pool_1,0.936195,4.670559,7.021463
368,pool_neon:MAT_Prop_NeonRed_pool_2,0.936195,4.583220,7.021463
369,pool_neon:MAT_Prop_NeonRed_pool_0,0.982285,3.437997,7.367138
369,pool_neon:MAT_Prop_NeonRed_pool_1,0.982285,4.900496,7.367138
369,pool_neon:MAT_Prop_NeonRed_pool_2,0.982285,4.808858,7.367138
370,pool_neon:MAT_Prop_NeonRed_pool_0,0.692053,2.422186,5.190398
370,pool_neon:MAT_Prop_NeonRed_pool_1,0.692053,3.452565,5.190398
370,pool_neon:MAT_Prop_NeonRed_pool_2,0.692053,3.388003,5.190398
371,pool_neon:MAT_Prop_NeonRed_pool_0,0.981035,3.433622,7.357762
371,pool_neon:MAT_Prop_NeonRed_pool_1,0.981035,4.894260,7.357762
371,pool_neon:MAT_Prop_NeonRed_pool_2,0.981035,4.802738,7.357762
372,pool_neon:MAT_Prop_NeonRed_pool_0,0.972714,3.404499,7.295355
372,pool_neon:MAT_Prop_NeonRed_pool_1,0.972714,4.852748,7.295355
372,pool_neon:MAT_Prop_NeonRed_pool_2,0.972714,4.762002,7.295355
373,pool_neon:MAT_Prop_NeonRed_pool_0,0.976377,3.417320,7.322828
373,pool_neon:MAT_Prop_NeonRed_pool_1,0.976377,4.871022,7.322828
373,pool_neon:MAT_Prop_NeonRed_pool_2,0.976377,4.779935,7.322828
374,pool_neon:MAT_Prop_NeonRed_pool_0,0.930544,3.256904,6.979080
374,pool_neon:MAT_Prop_NeonRed_pool_1,0.930544,4.642367,6.979080
374,pool_neon:MAT_Prop_NeonRed_pool_2,0.930544,4.555555,6.979080
375,pool_neon:MAT_Prop_NeonRed_pool_0,0.954398,3.340393,7.157985
375,pool_neon:MAT_Prop_NeonRed_pool_1,0.954398,4.761371,7.157985
375,pool_neon:MAT_Prop_NeonRed_pool_2,0.954398,4.672335,7.157985
376,pool_neon:MAT_Prop_NeonRed_pool_0,0.949369,3.322792,7.120267
376,pool_neon:MAT_Prop_NeonRed_pool_1,0.949369,4.736282,7.120267
376,pool_neon:MAT_Prop_NeonRed_pool_2,0.949369,4.647715,7.120267
377,pool_neon:MAT_Prop_NeonRed_pool_0,0.988745,3.460608,7.415587
377,pool_neon:MAT_Prop_NeonRed_pool_1,0.988745,4.932724,7.415587
377,pool_neon:MAT_Prop_NeonRed_pool_2,0.988745,4.840483,7.415587
378,pool_neon:MAT_Prop_NeonRed_pool_0,0.941774,3.296209,7.063305
378,pool_neon:MAT_Prop_NeonRed_pool_1,0.941774,4.698392,7.063305
378,pool_neon:MAT_Prop_NeonRed_pool_2,0.941774,4.610533,7.063305
379,pool_neon:MAT_Prop_NeonRed_pool_0,0.930712,3.257492,6.980340
379,pool_neon:MAT_Prop_NeonRed_pool_1,0.930712,4.643205,6.980340
379,pool_neon:MAT_Prop_NeonRed_pool_2,0.930712,4.556378,6.980340
380,pool_neon:MAT_Prop_NeonRed_pool_0,0.921633,3.225716,6.912248
380,pool_neon:MAT_Prop_NeonRed_pool_1,0.921633,4.597911,6.912248
380,pool_neon:MAT_Prop_NeonRed_pool_2,0.921633,4.511931,6.912248
381,pool_neon:MAT_Prop_NeonRed_pool_0,0.926891,3.244118,6.951683
381,pool_neon:MAT_Prop_NeonRed_pool_1,0.926891,4.624142,6.951683
381,pool_neon:MAT_Prop_NeonRed_pool_2,0.926891,4.537672,6.951683
382,pool_neon:MAT_Prop_NeonRed_pool_0,0.973714,3.407999,7.302855
382,pool_neon:MAT_Prop_NeonRed_pool_1,0.973714,4.857736,7.302855
382,pool_neon:MAT_Prop_NeonRed_pool_2,0.973714,4.766898,7.302855
383,pool_neon:MAT_Prop_NeonRed_pool_0,0.933176,3.266116,6.998820
383,pool_neon:MAT_Prop_NeonRed_pool_1,0.933176,4.655497,6.998820
383,pool_neon:MAT_Prop_NeonRed_pool_2,0.933176,4.568441,6.998820
384,pool_neon:MAT_Prop_NeonRed_pool_0,0.978029,3.423102,7.335218
384,pool_neon:MAT_Prop_NeonRed_pool_1,0.978029,4.879263,7.335218
384,pool_neon:MAT_Prop_NeonRed_pool_2,0.978029,4.788022,7.335218
385,pool_neon:MAT_Prop_NeonRed_pool_0,0.946147,3.311514,7.096102
385,pool_neon:MAT_Prop_NeonRed_pool_1,0.946147,4.720208,7.096102
385,pool_neon:MAT_Prop_NeonRed_pool_2,0.946147,4.631941,7.096102
386,pool_neon:MAT_Prop_NeonRed_pool_0,0.924113,3.234395,6.930847
386,pool_neon:MAT_Prop_NeonRed_pool_1,0.924113,4.610283,6.930847
386,pool_neon:MAT_Prop_NeonRed_pool_2,0.924113,4.524072,6.930847
387,pool_neon:MAT_Prop_NeonRed_pool_0,0.921763,3.226170,6.913222
387,pool_neon:MAT_Prop_NeonRed_pool_1,0.921763,4.598559,6.913222
387,pool_neon:MAT_Prop_NeonRed_pool_2,0.921763,4.512567,6.913222
388,pool_neon:MAT_Prop_NeonRed_pool_0,0.962726,3.369541,7.220445
388,pool_neon:MAT_Prop_NeonRed_pool_1,0.962726,4.802919,7.220445
388,pool_neon:MAT_Prop_NeonRed_pool_2,0.962726,4.713105,7.220445
389,pool_neon:MAT_Prop_NeonRed_pool_0,0.983560,3.442460,7.376700
389,pool_neon:MAT_Prop_NeonRed_pool_1,0.983560,4.906857,7.376700
389,pool_neon:MAT_Prop_NeonRed_pool_2,0.983560,4.815100,7.376700
390,pool_neon:MAT_Prop_NeonRed_pool_0,0.987479,3.456176,7.406092
390,pool_neon:MAT_Prop_NeonRed_pool_1,0.987479,4.926408,7.406092
390,pool_neon:MAT_Prop_NeonRed_pool_2,0.987479,4.834285,7.406092
391,pool_neon:MAT_Prop_NeonRed_pool_0,0.927270,3.245445,6.954525
391,pool_neon:MAT_Prop_NeonRed_pool_1,0.927270,4.626033,6.954525
391,pool_neon:MAT_Prop_NeonRed_pool_2,0.927270,4.539527,6.954525
392,pool_neon:MAT_Prop_NeonRed_pool_0,0.983822,3.443377,7.378665
392,pool_neon:MAT_Prop_NeonRed_pool_1,0.983822,4.908164,7.378665
392,pool_neon:MAT_Prop_NeonRed_pool_2,0.983822,4.816382,7.378665
393,pool_neon:MAT_Prop_NeonRed_pool_0,0.930206,3.255721,6.976545
393,pool_neon:MAT_Prop_NeonRed_pool_1,0.930206,4.640681,6.976545
393,pool_neon:MAT_Prop_NeonRed_pool_2,0.930206,4.553901,6.976545
394,pool_neon:MAT_Prop_NeonRed_pool_0,0.979477,3.428170,7.346078
394,pool_neon:MAT_Prop_NeonRed_pool_1,0.979477,4.886487,7.346078
394,pool_neon:MAT_Prop_NeonRed_pool_2,0.979477,4.795111,7.346078
395,pool_neon:MAT_Prop_NeonRed_pool_0,0.983621,3.442673,7.377158
395,pool_neon:MAT_Prop_NeonRed_pool_1,0.983621,4.907161,7.377158
395,pool_neon:MAT_Prop_NeonRed_pool_2,0.983621,4.815398,7.377158
396,pool_neon:MAT_Prop_NeonRed_pool_0,0.984321,3.445124,7.382408
396,pool_neon:MAT_Prop_NeonRed_pool_1,0.984321,4.910653,7.382408
396,pool_neon:MAT_Prop_NeonRed_pool_2,0.984321,4.818825,7.382408
397,pool_neon:MAT_Prop_NeonRed_pool_0,0.927932,3.247762,6.959490
397,pool_neon:MAT_Prop_NeonRed_pool_1,0.927932,4.629336,6.959490
397,pool_neon:MAT_Prop_NeonRed_pool_2,0.927932,4.542768,6.959490
398,pool_neon:MAT_Prop_NeonRed_pool_0,0.980742,3.432597,7.355565
398,pool_neon:MAT_Prop_NeonRed_pool_1,0.980742,4.892798,7.355565
398,pool_neon:MAT_Prop_NeonRed_pool_2,0.980742,4.801304,7.355565
399,pool_neon:MAT_Prop_NeonRed_pool_0,0.941314,3.294599,7.059855
399,pool_neon:MAT_Prop_NeonRed_pool_1,0.941314,4.696097,7.059855
399,pool_neon:MAT_Prop_NeonRed_pool_2,0.941314,4.608281,7.059855
400,pool_neon:MAT_Prop_NeonRed_pool_0,0.920078,3.220273,6.900585
400,pool_neon:MAT_Prop_NeonRed_pool_1,0.920078,4.590153,6.900585
400,pool_neon:MAT_Prop_NeonRed_pool_2,0.920078,4.504318,6.900585
401,pool_neon:MAT_Prop_NeonRed_pool_0,0.973757,3.408149,7.303178
401,pool_neon:MAT_Prop_NeonRed_pool_1,0.973757,4.857951,7.303178
401,pool_neon:MAT_Prop_NeonRed_pool_2,0.973757,4.767108,7.303178
402,pool_neon:MAT_Prop_NeonRed_pool_0,0.962153,3.367536,7.216147
402,pool_neon:MAT_Prop_NeonRed_pool_1,0.962153,4.800060,7.216147
402,pool_neon:MAT_Prop_NeonRed_pool_2,0.962153,4.710300,7.216147
403,pool_neon:MAT_Prop_NeonRed_pool_0,0.983909,3.443682,7.379317
403,pool_neon:MAT_Prop_NeonRed_pool_1,0.983909,4.908598,7.379317
403,pool_neon:MAT_Prop_NeonRed_pool_2,0.983909,4.816808,7.379317
404,pool_neon:MAT_Prop_NeonRed_pool_0,0.930664,3.257324,6.979980
404,pool_neon:MAT_Prop_NeonRed_pool_1,0.930664,4.642965,6.979980
404,pool_neon:MAT_Prop_NeonRed_pool_2,0.930664,4.556143,6.979980
405,pool_neon:MAT_Prop_NeonRed_pool_0,0.986150,3.451525,7.396125
405,pool_neon:MAT_Prop_NeonRed_pool_1,0.986150,4.919778,7.396125
405,pool_neon:MAT_Prop_NeonRed_pool_2,0.986150,4.827779,7.396125
406,pool_neon:MAT_Prop_NeonRed_pool_0,0.989461,3.463113,7.420958
406,pool_neon:MAT_Prop_NeonRed_pool_1,0.989461,4.936296,7.420958
406,pool_neon:MAT_Prop_NeonRed_pool_2,0.989461,4.843988,7.420958
407,pool_neon:MAT_Prop_NeonRed_pool_0,0.721113,2.523896,5.408347
407,pool_neon:MAT_Prop_NeonRed_pool_1,0.721113,3.597542,5.408347
407,pool_neon:MAT_Prop_NeonRed_pool_2,0.721113,3.530269,5.408347
408,pool_neon:MAT_Prop_NeonRed_pool_0,0.936726,3.278541,7.025445
408,pool_neon:MAT_Prop_NeonRed_pool_1,0.936726,4.673208,7.025445
408,pool_neon:MAT_Prop_NeonRed_pool_2,0.936726,4.585820,7.025445
409,pool_neon:MAT_Prop_NeonRed_pool_0,0.945276,3.308466,7.089570
409,pool_neon:MAT_Prop_NeonRed_pool_1,0.945276,4.715863,7.089570
409,pool_neon:MAT_Prop_NeonRed_pool_2,0.945276,4.627677,7.089570
410,pool_neon:MAT_Prop_NeonRed_pool_0,0.978738,3.425583,7.340535
410,pool_neon:MAT_Prop_NeonRed_pool_1,0.978738,4.882801,7.340535
410,pool_neon:MAT_Prop_NeonRed_pool_2,0.978738,4.791493,7.340535
411,pool_neon:MAT_Prop_NeonRed_pool_0,0.982047,3.437165,7.365353
411,pool_neon:MAT_Prop_NeonRed_pool_1,0.982047,4.899309,7.365353
411,pool_neon:MAT_Prop_NeonRed_pool_2,0.982047,4.807693,7.365353
412,pool_neon:MAT_Prop_NeonRed_pool_0,0.929415,3.252953,6.970612
412,pool_neon:MAT_Prop_NeonRed_pool_1,0.929415,4.636734,6.970612
412,pool_neon:MAT_Prop_NeonRed_pool_2,0.929415,4.550028,6.970612
413,pool_neon:MAT_Prop_NeonRed_pool_0,0.983323,3.441630,7.374922
413,pool_neon:MAT_Prop_NeonRed_pool_1,0.983323,4.905675,7.374922
413,pool_neon:MAT_Prop_NeonRed_pool_2,0.983323,4.813939,7.374922
414,pool_neon:MAT_Prop_NeonRed_pool_0,0.977564,3.421474,7.331730
414,pool_neon:MAT_Prop_NeonRed_pool_1,0.977564,4.876944,7.331730
414,pool_neon:MAT_Prop_NeonRed_pool_2,0.977564,4.785746,7.331730
415,pool_neon:MAT_Prop_NeonRed_pool_0,0.987927,3.457744,7.409453
415,pool_neon:MAT_Prop_NeonRed_pool_1,0.987927,4.928643,7.409453
415,pool_neon:MAT_Prop_NeonRed_pool_2,0.987927,4.836479,7.409453
416,pool_neon:MAT_Prop_NeonRed_pool_0,0.951026,3.328591,7.132695
416,pool_neon:MAT_Prop_NeonRed_pool_1,0.951026,4.744549,7.132695
416,pool_neon:MAT_Prop_NeonRed_pool_2,0.951026,4.655827,7.132695
417,pool_neon:MAT_Prop_NeonRed_pool_0,0.941604,3.295614,7.062030
417,pool_neon:MAT_Prop_NeonRed_pool_1,0.941604,4.697544,7.062030
417,pool_neon:MAT_Prop_NeonRed_pool_2,0.941604,4.609701,7.062030
418,pool_neon:MAT_Prop_NeonRed_pool_0,0.945603,3.309610,7.092022
418,pool_neon:MAT_Prop_NeonRed_pool_1,0.945603,4.717494,7.092022
418,pool_neon:MAT_Prop_NeonRed_pool_2,0.945603,4.629278,7.092022
419,pool_neon:MAT_Prop_NeonRed_pool_0,0.943243,3.301351,7.074323
419,pool_neon:MAT_Prop_NeonRed_pool_1,0.943243,4.705720,7.074323
419,pool_neon:MAT_Prop_NeonRed_pool_2,0.943243,4.617724,7.074323
420,pool_neon:MAT_Prop_NeonRed_pool_0,0.973563,3.407470,7.301722
420,pool_neon:MAT_Prop_NeonRed_pool_1,0.973563,4.856983,7.301722
420,pool_neon:MAT_Prop_NeonRed_pool_2,0.973563,4.766158,7.301722
421,pool_neon:MAT_Prop_NeonRed_pool_0,0.987985,3.457947,7.409887
421,pool_neon:MAT_Prop_NeonRed_pool_1,0.987985,4.928933,7.409887
421,pool_neon:MAT_Prop_NeonRed_pool_2,0.987985,4.836763,7.409887
422,pool_neon:MAT_Prop_NeonRed_pool_0,0.924473,3.235656,6.933547
422,pool_neon:MAT_Prop_NeonRed_pool_1,0.924473,4.612079,6.933547
422,pool_neon:MAT_Prop_NeonRed_pool_2,0.924473,4.525834,6.933547
423,pool_neon:MAT_Prop_NeonRed_pool_0,0.975012,3.412542,7.312590
423,pool_neon:MAT_Prop_NeonRed_pool_1,0.975012,4.864212,7.312590
423,pool_neon:MAT_Prop_NeonRed_pool_2,0.975012,4.773252,7.312590
424,pool_neon:MAT_Prop_NeonRed_pool_0,0.973106,3.405871,7.298295
424,pool_neon:MAT_Prop_NeonRed_pool_1,0.973106,4.854703,7.298295
424,pool_neon:MAT_Prop_NeonRed_pool_2,0.973106,4.763921,7.298295
425,pool_neon:MAT_Prop_NeonRed_pool_0,0.974015,3.409053,7.305112
425,pool_neon:MAT_Prop_NeonRed_pool_1,0.974015,4.859238,7.305112
425,pool_neon:MAT_Prop_NeonRed_pool_2,0.974015,4.768371,7.305112
426,pool_neon:MAT_Prop_NeonRed_pool_0,0.666163,2.331570,4.996223
426,pool_neon:MAT_Prop_NeonRed_pool_1,0.666163,3.323403,4.996223
426,pool_neon:MAT_Prop_NeonRed_pool_2,0.666163,3.261256,4.996223
427,pool_neon:MAT_Prop_NeonRed_pool_0,0.935268,3.273438,7.014510
427,pool_neon:MAT_Prop_NeonRed_pool_1,0.935268,4.665934,7.014510
427,pool_neon:MAT_Prop_NeonRed_pool_2,0.935268,4.578682,7.014510
428,pool_neon:MAT_Prop_NeonRed_pool_0,0.979815,3.429352,7.348612
428,pool_neon:MAT_Prop_NeonRed_pool_1,0.979815,4.888174,7.348612
428,pool_neon:MAT_Prop_NeonRed_pool_2,0.979815,4.796766,7.348612
429,pool_neon:MAT_Prop_NeonRed_pool_0,0.976138,3.416483,7.321035
429,pool_neon:MAT_Prop_NeonRed_pool_1,0.976138,4.869829,7.321035
429,pool_neon:MAT_Prop_NeonRed_pool_2,0.976138,4.778765,7.321035
430,pool_neon:MAT_Prop_NeonRed_pool_0,0.988469,3.459642,7.413518
430,pool_neon:MAT_Prop_NeonRed_pool_1,0.988469,4.931347,7.413518
430,pool_neon:MAT_Prop_NeonRed_pool_2,0.988469,4.839132,7.413518
431,pool_neon:MAT_Prop_NeonRed_pool_0,0.972775,3.404712,7.295812
431,pool_neon:MAT_Prop_NeonRed_pool_1,0.972775,4.853052,7.295812
431,pool_neon:MAT_Prop_NeonRed_pool_2,0.972775,4.762301,7.295812
432,pool_neon:MAT_Prop_NeonRed_pool_0,0.985250,3.448375,7.389375
432,pool_neon:MAT_Prop_NeonRed_pool_1,0.985250,4.915288,7.389375
432,pool_neon:MAT_Prop_NeonRed_pool_2,0.985250,4.823373,7.389375
433,pool_neon:MAT_Prop_NeonRed_pool_0,0.922541,3.228894,6.919058
433,pool_neon:MAT_Prop_NeonRed_pool_1,0.922541,4.602441,6.919058
433,pool_neon:MAT_Prop_NeonRed_pool_2,0.922541,4.516376,6.919058
434,pool_neon:MAT_Prop_NeonRed_pool_0,0.984489,3.445711,7.383667
434,pool_neon:MAT_Prop_NeonRed_pool_1,0.984489,4.911492,7.383667
434,pool_neon:MAT_Prop_NeonRed_pool_2,0.984489,4.819648,7.383667
435,pool_neon:MAT_Prop_NeonRed_pool_0,0.981355,3.434743,7.360162
435,pool_neon:MAT_Prop_NeonRed_pool_1,0.981355,4.895856,7.360162
435,pool_neon:MAT_Prop_NeonRed_pool_2,0.981355,4.804305,7.360162
436,pool_neon:MAT_Prop_NeonRed_pool_0,0.932943,3.265300,6.997072
436,pool_neon:MAT_Prop_NeonRed_pool_1,0.932943,4.654335,6.997072
436,pool_neon:MAT_Prop_NeonRed_pool_2,0.932943,4.567300,6.997072
437,pool_neon:MAT_Prop_NeonRed_pool_0,0.984487,3.445705,7.383653
437,pool_neon:MAT_Prop_NeonRed_pool_1,0.984487,4.911482,7.383653
437,pool_neon:MAT_Prop_NeonRed_pool_2,0.984487,4.819638,7.383653
438,pool_neon:MAT_Prop_NeonRed_pool_0,0.972934,3.405269,7.297005
438,pool_neon:MAT_Prop_NeonRed_pool_1,0.972934,4.853845,7.297005
438,pool_neon:MAT_Prop_NeonRed_pool_2,0.972934,4.763079,7.297005
439,pool_neon:MAT_Prop_NeonRed_pool_0,0.973860,3.408510,7.303950
439,pool_neon:MAT_Prop_NeonRed_pool_1,0.973860,4.858465,7.303950
439,pool_neon:MAT_Prop_NeonRed_pool_2,0.973860,4.767612,7.303950
440,pool_neon:MAT_Prop_NeonRed_pool_0,0.972203,3.402710,7.291523
440,pool_neon:MAT_Prop_NeonRed_pool_1,0.972203,4.850198,7.291523
440,pool_neon:MAT_Prop_NeonRed_pool_2,0.972203,4.759500,7.291523
441,pool_neon:MAT_Prop_NeonRed_pool_0,0.929640,3.253740,6.972300
441,pool_neon:MAT_Prop_NeonRed_pool_1,0.929640,4.637857,6.972300
441,pool_neon:MAT_Prop_NeonRed_pool_2,0.929640,4.551130,6.972300
442,pool_neon:MAT_Prop_NeonRed_pool_0,0.984971,3.447399,7.387283
442,pool_neon:MAT_Prop_NeonRed_pool_1,0.984971,4.913896,7.387283
442,pool_neon:MAT_Prop_NeonRed_pool_2,0.984971,4.822007,7.387283
443,pool_neon:MAT_Prop_NeonRed_pool_0,0.928027,3.248095,6.960203
443,pool_neon:MAT_Prop_NeonRed_pool_1,0.928027,4.629810,6.960203
443,pool_neon:MAT_Prop_NeonRed_pool_2,0.928027,4.543233,6.960203
444,pool_neon:MAT_Prop_NeonRed_pool_0,0.964849,3.376971,7.236368
444,pool_neon:MAT_Prop_NeonRed_pool_1,0.964849,4.813510,7.236368
444,pool_neon:MAT_Prop_NeonRed_pool_2,0.964849,4.723498,7.236368
445,pool_neon:MAT_Prop_NeonRed_pool_0,0.933387,3.266854,7.000402
445,pool_neon:MAT_Prop_NeonRed_pool_1,0.933387,4.656550,7.000402
445,pool_neon:MAT_Prop_NeonRed_pool_2,0.933387,4.569474,7.000402
446,pool_neon:MAT_Prop_NeonRed_pool_0,0.966087,3.381305,7.245653
446,pool_neon:MAT_Prop_NeonRed_pool_1,0.966087,4.819686,7.245653
446,pool_neon:MAT_Prop_NeonRed_pool_2,0.966087,4.729559,7.245653
447,pool_neon:MAT_Prop_NeonRed_pool_0,0.939227,3.287295,7.044202
447,pool_neon:MAT_Prop_NeonRed_pool_1,0.939227,4.685685,7.044202
447,pool_neon:MAT_Prop_NeonRed_pool_2,0.939227,4.598064,7.044202
448,pool_neon:MAT_Prop_NeonRed_pool_0,0.954346,3.340211,7.157595
448,pool_neon:MAT_Prop_NeonRed_pool_1,0.954346,4.761112,7.157595
448,pool_neon:MAT_Prop_NeonRed_pool_2,0.954346,4.672080,7.157595
449,pool_neon:MAT_Prop_NeonRed_pool_0,0.962024,3.367084,7.215180
449,pool_neon:MAT_Prop_NeonRed_pool_1,0.962024,4.799417,7.215180
449,pool_neon:MAT_Prop_NeonRed_pool_2,0.962024,4.709668,7.215180
450,pool_neon:MAT_Prop_NeonRed_pool_0,0.938369,3.284292,7.037768
450,pool_neon:MAT_Prop_NeonRed_pool_1,0.938369,4.681405,7.037768
450,pool_neon:MAT_Prop_NeonRed_pool_2,0.938369,4.593863,7.037768
451,pool_neon:MAT_Prop_NeonRed_pool_0,0.962054,3.367189,7.215405
451,pool_neon:MAT_Prop_NeonRed_pool_1,0.962054,4.799566,7.215405
451,pool_neon:MAT_Prop_NeonRed_pool_2,0.962054,4.709815,7.215405
452,pool_neon:MAT_Prop_NeonRed_pool_0,0.975005,3.412517,7.312538
452,pool_neon:MAT_Prop_NeonRed_pool_1,0.975005,4.864177,7.312538
452,pool_neon:MAT_Prop_NeonRed_pool_2,0.975005,4.773218,7.312538
453,pool_neon:MAT_Prop_NeonRed_pool_0,0.951011,3.328539,7.132583
453,pool_neon:MAT_Prop_NeonRed_pool_1,0.951011,4.744474,7.132583
453,pool_neon:MAT_Prop_NeonRed_pool_2,0.951011,4.655753,7.132583
454,pool_neon:MAT_Prop_NeonRed_pool_0,0.988259,3.458906,7.411943
454,pool_neon:MAT_Prop_NeonRed_pool_1,0.988259,4.930300,7.411943
454,pool_neon:MAT_Prop_NeonRed_pool_2,0.988259,4.838104,7.411943
455,pool_neon:MAT_Prop_NeonRed_pool_0,0.958364,3.354274,7.187730
455,pool_neon:MAT_Prop_NeonRed_pool_1,0.958364,4.781157,7.187730
455,pool_neon:MAT_Prop_NeonRed_pool_2,0.958364,4.691751,7.187730
456,pool_neon:MAT_Prop_NeonRed_pool_0,0.944278,3.304973,7.082085
456,pool_neon:MAT_Prop_NeonRed_pool_1,0.944278,4.710884,7.082085
456,pool_neon:MAT_Prop_NeonRed_pool_2,0.944278,4.622791,7.082085
457,pool_neon:MAT_Prop_NeonRed_pool_0,0.975536,3.414376,7.316520
457,pool_neon:MAT_Prop_NeonRed_pool_1,0.975536,4.866826,7.316520
457,pool_neon:MAT_Prop_NeonRed_pool_2,0.975536,4.775817,7.316520
458,pool_neon:MAT_Prop_NeonRed_pool_0,0.969821,3.394374,7.273658
458,pool_neon:MAT_Prop_NeonRed_pool_1,0.969821,4.838315,7.273658
458,pool_neon:MAT_Prop_NeonRed_pool_2,0.969821,4.747839,7.273658
459,pool_neon:MAT_Prop_NeonRed_pool_0,0.988291,3.459018,7.412183
459,pool_neon:MAT_Prop_NeonRed_pool_1,0.988291,4.930459,7.412183
459,pool_neon:MAT_Prop_NeonRed_pool_2,0.988291,4.838261,7.412183
460,pool_neon:MAT_Prop_NeonRed_pool_0,0.981957,3.436850,7.364677
460,pool_neon:MAT_Prop_NeonRed_pool_1,0.981957,4.898860,7.364677
460,pool_neon:MAT_Prop_NeonRed_pool_2,0.981957,4.807252,7.364677
461,pool_neon:MAT_Prop_NeonRed_pool_0,0.986868,3.454038,7.401510
461,pool_neon:MAT_Prop_NeonRed_pool_1,0.986868,4.923360,7.401510
461,pool_neon:MAT_Prop_NeonRed_pool_2,0.986868,4.831294,7.401510
462,pool_neon:MAT_Prop_NeonRed_pool_0,0.955871,3.345549,7.169033
462,pool_neon:MAT_Prop_NeonRed_pool_1,0.955871,4.768720,7.169033
462,pool_neon:MAT_Prop_NeonRed_pool_2,0.955871,4.679546,7.169033
463,pool_neon:MAT_Prop_NeonRed_pool_0,0.981029,3.433601,7.357718
463,pool_neon:MAT_Prop_NeonRed_pool_1,0.981029,4.894230,7.357718
463,pool_neon:MAT_Prop_NeonRed_pool_2,0.981029,4.802709,7.357718
464,pool_neon:MAT_Prop_NeonRed_pool_0,0.925587,3.239555,6.941903
464,pool_neon:MAT_Prop_NeonRed_pool_1,0.925587,4.617637,6.941903
464,pool_neon:MAT_Prop_NeonRed_pool_2,0.925587,4.531288,6.941903
465,pool_neon:MAT_Prop_NeonRed_pool_0,0.985550,3.449425,7.391625
465,pool_neon:MAT_Prop_NeonRed_pool_1,0.985550,4.916785,7.391625
465,pool_neon:MAT_Prop_NeonRed_pool_2,0.985550,4.824842,7.391625
466,pool_neon:MAT_Prop_NeonRed_pool_0,0.976791,3.418768,7.325932
466,pool_neon:MAT_Prop_NeonRed_pool_1,0.976791,4.873087,7.325932
466,pool_neon:MAT_Prop_NeonRed_pool_2,0.976791,4.781961,7.325932
467,pool_neon:MAT_Prop_NeonRed_pool_0,0.958677,3.355370,7.190078
467,pool_neon:MAT_Prop_NeonRed_pool_1,0.958677,4.782719,7.190078
467,pool_neon:MAT_Prop_NeonRed_pool_2,0.958677,4.693283,7.190078
468,pool_neon:MAT_Prop_NeonRed_pool_0,0.982342,3.438197,7.367565
468,pool_neon:MAT_Prop_NeonRed_pool_1,0.982342,4.900780,7.367565
468,pool_neon:MAT_Prop_NeonRed_pool_2,0.982342,4.809137,7.367565
469,pool_neon:MAT_Prop_NeonRed_pool_0,0.983295,3.441533,7.374713
469,pool_neon:MAT_Prop_NeonRed_pool_1,0.983295,4.905535,7.374713
469,pool_neon:MAT_Prop_NeonRed_pool_2,0.983295,4.813802,7.374713
470,pool_neon:MAT_Prop_NeonRed_pool_0,0.988276,3.458966,7.412070
470,pool_neon:MAT_Prop_NeonRed_pool_1,0.988276,4.930384,7.412070
470,pool_neon:MAT_Prop_NeonRed_pool_2,0.988276,4.838187,7.412070
471,pool_neon:MAT_Prop_NeonRed_pool_0,0.973556,3.407446,7.301670
471,pool_neon:MAT_Prop_NeonRed_pool_1,0.973556,4.856948,7.301670
471,pool_neon:MAT_Prop_NeonRed_pool_2,0.973556,4.766124,7.301670
472,pool_neon:MAT_Prop_NeonRed_pool_0,0.935173,3.273106,7.013797
472,pool_neon:MAT_Prop_NeonRed_pool_1,0.935173,4.665460,7.013797
472,pool_neon:MAT_Prop_NeonRed_pool_2,0.935173,4.578217,7.013797
473,pool_neon:MAT_Prop_NeonRed_pool_0,0.980863,3.433021,7.356473
473,pool_neon:MAT_Prop_NeonRed_pool_1,0.980863,4.893402,7.356473
473,pool_neon:MAT_Prop_NeonRed_pool_2,0.980863,4.801896,7.356473
474,pool_neon:MAT_Prop_NeonRed_pool_0,0.941699,3.295946,7.062742
474,pool_neon:MAT_Prop_NeonRed_pool_1,0.941699,4.698018,7.062742
474,pool_neon:MAT_Prop_NeonRed_pool_2,0.941699,4.610166,7.062742
475,pool_neon:MAT_Prop_NeonRed_pool_0,0.958572,3.355002,7.189290
475,pool_neon:MAT_Prop_NeonRed_pool_1,0.958572,4.782195,7.189290
475,pool_neon:MAT_Prop_NeonRed_pool_2,0.958572,4.692769,7.189290
476,pool_neon:MAT_Prop_NeonRed_pool_0,0.953552,3.337432,7.151640
476,pool_neon:MAT_Prop_NeonRed_pool_1,0.953552,4.757151,7.151640
476,pool_neon:MAT_Prop_NeonRed_pool_2,0.953552,4.668193,7.151640
477,pool_neon:MAT_Prop_NeonRed_pool_0,0.979791,3.429269,7.348432
477,pool_neon:MAT_Prop_NeonRed_pool_1,0.979791,4.888054,7.348432
477,pool_neon:MAT_Prop_NeonRed_pool_2,0.979791,4.796648,7.348432
478,pool_neon:MAT_Prop_NeonRed_pool_0,0.978830,3.425905,7.341225
478,pool_neon:MAT_Prop_NeonRed_pool_1,0.978830,4.883260,7.341225
478,pool_neon:MAT_Prop_NeonRed_pool_2,0.978830,4.791944,7.341225
479,pool_neon:MAT_Prop_NeonRed_pool_0,0.949886,3.324601,7.124145
479,pool_neon:MAT_Prop_NeonRed_pool_1,0.949886,4.738862,7.124145
479,pool_neon:MAT_Prop_NeonRed_pool_2,0.949886,4.650246,7.124145
480,pool_neon:MAT_Prop_NeonRed_pool_0,0.932785,3.264747,6.995888
480,pool_neon:MAT_Prop_NeonRed_pool_1,0.932785,4.653547,6.995888
480,pool_neon:MAT_Prop_NeonRed_pool_2,0.932785,4.566526,6.995888
481,pool_neon:MAT_Prop_NeonRed_pool_0,0.972953,3.405335,7.297147
481,pool_neon:MAT_Prop_NeonRed_pool_1,0.972953,4.853940,7.297147
481,pool_neon:MAT_Prop_NeonRed_pool_2,0.972953,4.763172,7.297147
482,pool_neon:MAT_Prop_NeonRed_pool_0,0.984936,3.447276,7.387020
482,pool_neon:MAT_Prop_NeonRed_pool_1,0.984936,4.913722,7.387020
482,pool_neon:MAT_Prop_NeonRed_pool_2,0.984936,4.821836,7.387020
483,pool_neon:MAT_Prop_NeonRed_pool_0,0.923642,3.232747,6.927315
483,pool_neon:MAT_Prop_NeonRed_pool_1,0.923642,4.607934,6.927315
483,pool_neon:MAT_Prop_NeonRed_pool_2,0.923642,4.521766,6.927315
484,pool_neon:MAT_Prop_NeonRed_pool_0,0.928451,3.249579,6.963382
484,pool_neon:MAT_Prop_NeonRed_pool_1,0.928451,4.631925,6.963382
484,pool_neon:MAT_Prop_NeonRed_pool_2,0.928451,4.545309,6.963382
485,pool_neon:MAT_Prop_NeonRed_pool_0,0.972181,3.402633,7.291358
485,pool_neon:MAT_Prop_NeonRed_pool_1,0.972181,4.850089,7.291358
485,pool_neon:MAT_Prop_NeonRed_pool_2,0.972181,4.759393,7.291358
486,pool_neon:MAT_Prop_NeonRed_pool_0,0.973464,3.407124,7.300980
486,pool_neon:MAT_Prop_NeonRed_pool_1,0.973464,4.856489,7.300980
486,pool_neon:MAT_Prop_NeonRed_pool_2,0.973464,4.765674,7.300980
487,pool_neon:MAT_Prop_NeonRed_pool_0,0.978712,3.425492,7.340340
487,pool_neon:MAT_Prop_NeonRed_pool_1,0.978712,4.882671,7.340340
487,pool_neon:MAT_Prop_NeonRed_pool_2,0.978712,4.791366,7.340340
488,pool_neon:MAT_Prop_NeonRed_pool_0,0.967600,3.386600,7.257000
488,pool_neon:MAT_Prop_NeonRed_pool_1,0.967600,4.827234,7.257000
488,pool_neon:MAT_Prop_NeonRed_pool_2,0.967600,4.736966,7.257000
489,pool_neon:MAT_Prop_NeonRed_pool_0,0.979756,3.429146,7.348170
489,pool_neon:MAT_Prop_NeonRed_pool_1,0.979756,4.887879,7.348170
489,pool_neon:MAT_Prop_NeonRed_pool_2,0.979756,4.796477,7.348170
490,pool_neon:MAT_Prop_NeonRed_pool_0,0.984164,3.444574,7.381230
490,pool_neon:MAT_Prop_NeonRed_pool_1,0.984164,4.909870,7.381230
490,pool_neon:MAT_Prop_NeonRed_pool_2,0.984164,4.818057,7.381230
491,pool_neon:MAT_Prop_NeonRed_pool_0,0.975034,3.412619,7.312755
491,pool_neon:MAT_Prop_NeonRed_pool_1,0.975034,4.864322,7.312755
491,pool_neon:MAT_Prop_NeonRed_pool_2,0.975034,4.773360,7.312755
492,pool_neon:MAT_Prop_NeonRed_pool_0,0.968486,3.389701,7.263645
492,pool_neon:MAT_Prop_NeonRed_pool_1,0.968486,4.831655,7.263645
492,pool_neon:MAT_Prop_NeonRed_pool_2,0.968486,4.741304,7.263645
493,pool_neon:MAT_Prop_NeonRed_pool_0,0.961893,3.366626,7.214198
493,pool_neon:MAT_Prop_NeonRed_pool_1,0.961893,4.798763,7.214198
493,pool_neon:MAT_Prop_NeonRed_pool_2,0.961893,4.709027,7.214198
494,pool_neon:MAT_Prop_NeonRed_pool_0,0.980935,3.433273,7.357012
494,pool_neon:MAT_Prop_NeonRed_pool_1,0.980935,4.893761,7.357012
494,pool_neon:MAT_Prop_NeonRed_pool_2,0.980935,4.802249,7.357012
495,pool_neon:MAT_Prop_NeonRed_pool_0,0.932302,3.263057,6.992265
495,pool_neon:MAT_Prop_NeonRed_pool_1,0.932302,4.651137,6.992265
495,pool_neon:MAT_Prop_NeonRed_pool_2,0.932302,4.564162,6.992265
496,pool_neon:MAT_Prop_NeonRed_pool_0,0.958052,3.353182,7.185390
496,pool_neon:MAT_Prop_NeonRed_pool_1,0.958052,4.779601,7.185390
496,pool_neon:MAT_Prop_NeonRed_pool_2,0.958052,4.690223,7.185390
497,pool_neon:MAT_Prop_NeonRed_pool_0,0.980423,3.431481,7.353173
497,pool_neon:MAT_Prop_NeonRed_pool_1,0.980423,4.891207,7.353173
497,pool_neon:MAT_Prop_NeonRed_pool_2,0.980423,4.799742,7.353173
498,pool_neon:MAT_Prop_NeonRed_pool_0,0.938167,3.283584,7.036252
498,pool_neon:MAT_Prop_NeonRed_pool_1,0.938167,4.680397,7.036252
498,pool_neon:MAT_Prop_NeonRed_pool_2,0.938167,4.592874,7.036252
499,pool_neon:MAT_Prop_NeonRed_pool_0,0.969327,3.392645,7.269953
499,pool_neon:MAT_Prop_NeonRed_pool_1,0.969327,4.835850,7.269953
499,pool_neon:MAT_Prop_NeonRed_pool_2,0.969327,4.745421,7.269953
500,pool_neon:MAT_Prop_NeonRed_pool_0,0.927827,3.247394,6.958702
500,pool_neon:MAT_Prop_NeonRed_pool_1,0.927827,4.628812,6.958702
500,pool_neon:MAT_Prop_NeonRed_pool_2,0.927827,4.542254,6.958702
501,pool_neon:MAT_Prop_NeonRed_pool_0,0.920366,3.221281,6.902745
501,pool_neon:MAT_Prop_NeonRed_pool_1,0.920366,4.591590,6.902745
501,pool_neon:MAT_Prop_NeonRed_pool_2,0.920366,4.505728,6.902745
502,pool_neon:MAT_Prop_NeonRed_pool_0,0.982641,3.439243,7.369808
502,pool_neon:MAT_Prop_NeonRed_pool_1,0.982641,4.902272,7.369808
502,pool_neon:MAT_Prop_NeonRed_pool_2,0.982641,4.810601,7.369808
503,pool_neon:MAT_Prop_NeonRed_pool_0,0.986364,3.452274,7.397730
503,pool_neon:MAT_Prop_NeonRed_pool_1,0.986364,4.920846,7.397730
503,pool_neon:MAT_Prop_NeonRed_pool_2,0.986364,4.828827,7.397730
504,pool_neon:MAT_Prop_NeonRed_pool_0,0.981298,3.434543,7.359735
504,pool_neon:MAT_Prop_NeonRed_pool_1,0.981298,4.895572,7.359735
504,pool_neon:MAT_Prop_NeonRed_pool_2,0.981298,4.804026,7.359735
505,pool_neon:MAT_Prop_NeonRed_pool_0,0.937164,3.280074,7.028730
505,pool_neon:MAT_Prop_NeonRed_pool_1,0.937164,4.675393,7.028730
505,pool_neon:MAT_Prop_NeonRed_pool_2,0.937164,4.587964,7.028730
506,pool_neon:MAT_Prop_NeonRed_pool_0,0.946925,3.314237,7.101938
506,pool_neon:MAT_Prop_NeonRed_pool_1,0.946925,4.724090,7.101938
506,pool_neon:MAT_Prop_NeonRed_pool_2,0.946925,4.635750,7.101938
507,pool_neon:MAT_Prop_NeonRed_pool_0,0.979544,3.428404,7.346580
507,pool_neon:MAT_Prop_NeonRed_pool_1,0.979544,4.886822,7.346580
507,pool_neon:MAT_Prop_NeonRed_pool_2,0.979544,4.795439,7.346580
508,pool_neon:MAT_Prop_NeonRed_pool_0,0.953569,3.337492,7.151768
508,pool_neon:MAT_Prop_NeonRed_pool_1,0.953569,4.757236,7.151768
508,pool_neon:MAT_Prop_NeonRed_pool_2,0.953569,4.668276,7.151768
509,pool_neon:MAT_Prop_NeonRed_pool_0,0.976161,3.416563,7.321207
509,pool_neon:MAT_Prop_NeonRed_pool_1,0.976161,4.869944,7.321207
509,pool_neon:MAT_Prop_NeonRed_pool_2,0.976161,4.778877,7.321207
510,pool_neon:MAT_Prop_NeonRed_pool_0,0.983056,3.440696,7.372920
510,pool_neon:MAT_Prop_NeonRed_pool_1,0.983056,4.904343,7.372920
510,pool_neon:MAT_Prop_NeonRed_pool_2,0.983056,4.812632,7.372920
511,pool_neon:MAT_Prop_NeonRed_pool_0,0.988499,3.459747,7.413742
511,pool_neon:MAT_Prop_NeonRed_pool_1,0.988499,4.931497,7.413742
511,pool_neon:MAT_Prop_NeonRed_pool_2,0.988499,4.839279,7.413742
512,pool_neon:MAT_Prop_NeonRed_pool_0,0.952932,3.335262,7.146990
512,pool_neon:MAT_Prop_NeonRed_pool_1,0.952932,4.754058,7.146990
512,pool_neon:MAT_Prop_NeonRed_pool_2,0.952932,4.665158,7.146990
513,pool_neon:MAT_Prop_NeonRed_pool_0,0.929525,3.253338,6.971438
513,pool_neon:MAT_Prop_NeonRed_pool_1,0.929525,4.637283,6.971438
513,pool_neon:MAT_Prop_NeonRed_pool_2,0.929525,4.550567,6.971438
514,pool_neon:MAT_Prop_NeonRed_pool_0,0.980860,3.433010,7.356450
514,pool_neon:MAT_Prop_NeonRed_pool_1,0.980860,4.893387,7.356450
514,pool_neon:MAT_Prop_NeonRed_pool_2,0.980860,4.801882,7.356450
515,pool_neon:MAT_Prop_NeonRed_pool_0,0.448109,1.568381,3.360818
515,pool_neon:MAT_Prop_NeonRed_pool_1,0.448109,2.235559,3.360818
515,pool_neon:MAT_Prop_NeonRed_pool_2,0.448109,2.193755,3.360818
516,pool_neon:MAT_Prop_NeonRed_pool_0,0.455100,1.592850,3.413250
516,pool_neon:MAT_Prop_NeonRed_pool_1,0.455100,2.270437,3.413250
516,pool_neon:MAT_Prop_NeonRed_pool_2,0.455100,2.227980,3.413250
517,pool_neon:MAT_Prop_NeonRed_pool_0,0.981390,3.434865,7.360425
517,pool_neon:MAT_Prop_NeonRed_pool_1,0.981390,4.896031,7.360425
517,pool_neon:MAT_Prop_NeonRed_pool_2,0.981390,4.804476,7.360425
518,pool_neon:MAT_Prop_NeonRed_pool_0,0.984098,3.444343,7.380735
518,pool_neon:MAT_Prop_NeonRed_pool_1,0.984098,4.909541,7.380735
518,pool_neon:MAT_Prop_NeonRed_pool_2,0.984098,4.817733,7.380735
519,pool_neon:MAT_Prop_NeonRed_pool_0,0.985212,3.448242,7.389090
519,pool_neon:MAT_Prop_NeonRed_pool_1,0.985212,4.915099,7.389090
519,pool_neon:MAT_Prop_NeonRed_pool_2,0.985212,4.823187,7.389090
520,pool_neon:MAT_Prop_NeonRed_pool_0,0.984194,3.444679,7.381455
520,pool_neon:MAT_Prop_NeonRed_pool_1,0.984194,4.910020,7.381455
520,pool_neon:MAT_Prop_NeonRed_pool_2,0.984194,4.818203,7.381455
521,pool_neon:MAT_Prop_NeonRed_pool_0,0.977532,3.421362,7.331490
521,pool_neon:MAT_Prop_NeonRed_pool_1,0.977532,4.876784,7.331490
521,pool_neon:MAT_Prop_NeonRed_pool_2,0.977532,4.785589,7.331490
522,pool_neon:MAT_Prop_NeonRed_pool_0,0.928409,3.249432,6.963068
522,pool_neon:MAT_Prop_NeonRed_pool_1,0.928409,4.631716,6.963068
522,pool_neon:MAT_Prop_NeonRed_pool_2,0.928409,4.545103,6.963068
523,pool_neon:MAT_Prop_NeonRed_pool_0,0.963587,3.372554,7.226902
523,pool_neon:MAT_Prop_NeonRed_pool_1,0.963587,4.807214,7.226902
523,pool_neon:MAT_Prop_NeonRed_pool_2,0.963587,4.717320,7.226902
524,pool_neon:MAT_Prop_NeonRed_pool_0,0.923845,3.233458,6.928838
524,pool_neon:MAT_Prop_NeonRed_pool_1,0.923845,4.608946,6.928838
524,pool_neon:MAT_Prop_NeonRed_pool_2,0.923845,4.522760,6.928838
525,pool_neon:MAT_Prop_NeonRed_pool_0,0.977822,3.422377,7.333665
525,pool_neon:MAT_Prop_NeonRed_pool_1,0.977822,4.878231,7.333665
525,pool_neon:MAT_Prop_NeonRed_pool_2,0.977822,4.787009,7.333665
526,pool_neon:MAT_Prop_NeonRed_pool_0,0.983840,3.443440,7.378800
526,pool_neon:MAT_Prop_NeonRed_pool_1,0.983840,4.908254,7.378800
526,pool_neon:MAT_Prop_NeonRed_pool_2,0.983840,4.816470,7.378800
527,pool_neon:MAT_Prop_NeonRed_pool_0,0.977714,3.421999,7.332855
527,pool_neon:MAT_Prop_NeonRed_pool_1,0.977714,4.877692,7.332855
527,pool_neon:MAT_Prop_NeonRed_pool_2,0.977714,4.786480,7.332855
528,pool_neon:MAT_Prop_NeonRed_pool_0,0.985750,3.450125,7.393125
528,pool_neon:MAT_Prop_NeonRed_pool_1,0.985750,4.917783,7.393125
528,pool_neon:MAT_Prop_NeonRed_pool_2,0.985750,4.825821,7.393125
529,pool_neon:MAT_Prop_NeonRed_pool_0,0.929421,3.252974,6.970658
529,pool_neon:MAT_Prop_NeonRed_pool_1,0.929421,4.636764,6.970658
529,pool_neon:MAT_Prop_NeonRed_pool_2,0.929421,4.550058,6.970658
530,pool_neon:MAT_Prop_NeonRed_pool_0,0.973446,3.407061,7.300845
530,pool_neon:MAT_Prop_NeonRed_pool_1,0.973446,4.856399,7.300845
530,pool_neon:MAT_Prop_NeonRed_pool_2,0.973446,4.765586,7.300845
531,pool_neon:MAT_Prop_NeonRed_pool_0,0.982265,3.437928,7.366988
531,pool_neon:MAT_Prop_NeonRed_pool_1,0.982265,4.900396,7.366988
531,pool_neon:MAT_Prop_NeonRed_pool_2,0.982265,4.808760,7.366988
532,pool_neon:MAT_Prop_NeonRed_pool_0,0.951319,3.329617,7.134893
532,pool_neon:MAT_Prop_NeonRed_pool_1,0.951319,4.746011,7.134893
532,pool_neon:MAT_Prop_NeonRed_pool_2,0.951319,4.657261,7.134893
533,pool_neon:MAT_Prop_NeonRed_pool_0,0.938100,3.283350,7.035750
533,pool_neon:MAT_Prop_NeonRed_pool_1,0.938100,4.680063,7.035750
533,pool_neon:MAT_Prop_NeonRed_pool_2,0.938100,4.592546,7.035750
534,pool_neon:MAT_Prop_NeonRed_pool_0,0.941624,3.295684,7.062180
534,pool_neon:MAT_Prop_NeonRed_pool_1,0.941624,4.697643,7.062180
534,pool_neon:MAT_Prop_NeonRed_pool_2,0.941624,4.609798,7.062180
535,pool_neon:MAT_Prop_NeonRed_pool_0,0.928088,3.248308,6.960660
535,pool_neon:MAT_Prop_NeonRed_pool_1,0.928088,4.630114,6.960660
535,pool_neon:MAT_Prop_NeonRed_pool_2,0.928088,4.543532,6.960660
536,pool_neon:MAT_Prop_NeonRed_pool_0,0.974909,3.412181,7.311818
536,pool_neon:MAT_Prop_NeonRed_pool_1,0.974909,4.863698,7.311818
536,pool_neon:MAT_Prop_NeonRed_pool_2,0.974909,4.772748,7.311818
537,pool_neon:MAT_Prop_NeonRed_pool_0,0.932442,3.263547,6.993315
537,pool_neon:MAT_Prop_NeonRed_pool_1,0.932442,4.651836,6.993315
537,pool_neon:MAT_Prop_NeonRed_pool_2,0.932442,4.564847,6.993315
538,pool_neon:MAT_Prop_NeonRed_pool_0,0.973169,3.406091,7.298767
538,pool_neon:MAT_Prop_NeonRed_pool_1,0.973169,4.855018,7.298767
538,pool_neon:MAT_Prop_NeonRed_pool_2,0.973169,4.764230,7.298767
539,pool_neon:MAT_Prop_NeonRed_pool_0,0.934787,3.271755,7.010903
539,pool_neon:MAT_Prop_NeonRed_pool_1,0.934787,4.663535,7.010903
539,pool_neon:MAT_Prop_NeonRed_pool_2,0.934787,4.576327,7.010903
540,pool_neon:MAT_Prop_NeonRed_pool_0,0.987087,3.454805,7.403153
540,pool_neon:MAT_Prop_NeonRed_pool_1,0.987087,4.924453,7.403153
540,pool_neon:MAT_Prop_NeonRed_pool_2,0.987087,4.832366,7.403153
541,pool_neon:MAT_Prop_NeonRed_pool_0,0.987285,3.455497,7.404637
541,pool_neon:MAT_Prop_NeonRed_pool_1,0.987285,4.925440,7.404637
541,pool_neon:MAT_Prop_NeonRed_pool_2,0.987285,4.833336,7.404637
542,pool_neon:MAT_Prop_NeonRed_pool_0,0.986847,3.453965,7.401352
542,pool_neon:MAT_Prop_NeonRed_pool_1,0.986847,4.923255,7.401352
542,pool_neon:MAT_Prop_NeonRed_pool_2,0.986847,4.831191,7.401352
543,pool_neon:MAT_Prop_NeonRed_pool_0,0.972945,3.405307,7.297087
543,pool_neon:MAT_Prop_NeonRed_pool_1,0.972945,4.853900,7.297087
543,pool_neon:MAT_Prop_NeonRed_pool_2,0.972945,4.763133,7.297087
544,pool_neon:MAT_Prop_NeonRed_pool_0,0.949085,3.321797,7.118137
544,pool_neon:MAT_Prop_NeonRed_pool_1,0.949085,4.734865,7.118137
544,pool_neon:MAT_Prop_NeonRed_pool_2,0.949085,4.646324,7.118137
545,pool_neon:MAT_Prop_NeonRed_pool_0,0.936280,3.276980,7.022100
545,pool_neon:MAT_Prop_NeonRed_pool_1,0.936280,4.670983,7.022100
545,pool_neon:MAT_Prop_NeonRed_pool_2,0.936280,4.583636,7.022100
546,pool_neon:MAT_Prop_NeonRed_pool_0,0.978896,3.426136,7.341720
546,pool_neon:MAT_Prop_NeonRed_pool_1,0.978896,4.883589,7.341720
546,pool_neon:MAT_Prop_NeonRed_pool_2,0.978896,4.792267,7.341720
547,pool_neon:MAT_Prop_NeonRed_pool_0,0.935289,3.273512,7.014667
547,pool_neon:MAT_Prop_NeonRed_pool_1,0.935289,4.666039,7.014667
547,pool_neon:MAT_Prop_NeonRed_pool_2,0.935289,4.578785,7.014667
548,pool_neon:MAT_Prop_NeonRed_pool_0,0.923746,3.233111,6.928095
548,pool_neon:MAT_Prop_NeonRed_pool_1,0.923746,4.608452,6.928095
548,pool_neon:MAT_Prop_NeonRed_pool_2,0.923746,4.522275,6.928095
549,pool_neon:MAT_Prop_NeonRed_pool_0,0.935451,3.274078,7.015883
549,pool_neon:MAT_Prop_NeonRed_pool_1,0.935451,4.666847,7.015883
549,pool_neon:MAT_Prop_NeonRed_pool_2,0.935451,4.579578,7.015883
550,pool_neon:MAT_Prop_NeonRed_pool_0,0.932480,3.263680,6.993600
550,pool_neon:MAT_Prop_NeonRed_pool_1,0.932480,4.652025,6.993600
550,pool_neon:MAT_Prop_NeonRed_pool_2,0.932480,4.565033,6.993600
551,pool_neon:MAT_Prop_NeonRed_pool_0,0.957360,3.350760,7.180200
551,pool_neon:MAT_Prop_NeonRed_pool_1,0.957360,4.776148,7.180200
551,pool_neon:MAT_Prop_NeonRed_pool_2,0.957360,4.686835,7.180200
552,pool_neon:MAT_Prop_NeonRed_pool_0,0.920541,3.221894,6.904058
552,pool_neon:MAT_Prop_NeonRed_pool_1,0.920541,4.592463,6.904058
552,pool_neon:MAT_Prop_NeonRed_pool_2,0.920541,4.506585,6.904058
553,pool_neon:MAT_Prop_NeonRed_pool_0,0.969531,3.393359,7.271483
553,pool_neon:MAT_Prop_NeonRed_pool_1,0.969531,4.836868,7.271483
553,pool_neon:MAT_Prop_NeonRed_pool_2,0.969531,4.746419,7.271483
554,pool_neon:MAT_Prop_NeonRed_pool_0,0.977792,3.422272,7.333440
554,pool_neon:MAT_Prop_NeonRed_pool_1,0.977792,4.878081,7.333440
554,pool_neon:MAT_Prop_NeonRed_pool_2,0.977792,4.786862,7.333440
555,pool_neon:MAT_Prop_NeonRed_pool_0,0.980582,3.432037,7.354365
555,pool_neon:MAT_Prop_NeonRed_pool_1,0.980582,4.892000,7.354365
555,pool_neon:MAT_Prop_NeonRed_pool_2,0.980582,4.800521,7.354365
556,pool_neon:MAT_Prop_NeonRed_pool_0,0.962270,3.367945,7.217025
556,pool_neon:MAT_Prop_NeonRed_pool_1,0.962270,4.800644,7.217025
556,pool_neon:MAT_Prop_NeonRed_pool_2,0.962270,4.710873,7.217025
557,pool_neon:MAT_Prop_NeonRed_pool_0,0.978177,3.423620,7.336327
557,pool_neon:MAT_Prop_NeonRed_pool_1,0.978177,4.880002,7.336327
557,pool_neon:MAT_Prop_NeonRed_pool_2,0.978177,4.788747,7.336327
558,pool_neon:MAT_Prop_NeonRed_pool_0,0.922667,3.229335,6.920002
558,pool_neon:MAT_Prop_NeonRed_pool_1,0.922667,4.603069,6.920002
558,pool_neon:MAT_Prop_NeonRed_pool_2,0.922667,4.516993,6.920002
559,pool_neon:MAT_Prop_NeonRed_pool_0,0.962892,3.370122,7.221690
559,pool_neon:MAT_Prop_NeonRed_pool_1,0.962892,4.803747,7.221690
559,pool_neon:MAT_Prop_NeonRed_pool_2,0.962892,4.713918,7.221690
560,pool_neon:MAT_Prop_NeonRed_pool_0,0.677685,2.371897,5.082637
560,pool_neon:MAT_Prop_NeonRed_pool_1,0.677685,3.380885,5.082637
560,pool_neon:MAT_Prop_NeonRed_pool_2,0.677685,3.317663,5.082637
561,pool_neon:MAT_Prop_NeonRed_pool_0,0.972106,3.402371,7.290795
561,pool_neon:MAT_Prop_NeonRed_pool_1,0.972106,4.849714,7.290795
561,pool_neon:MAT_Prop_NeonRed_pool_2,0.972106,4.759026,7.290795
562,pool_neon:MAT_Prop_NeonRed_pool_0,0.957233,3.350315,7.179247
562,pool_neon:MAT_Prop_NeonRed_pool_1,0.957233,4.775515,7.179247
562,pool_neon:MAT_Prop_NeonRed_pool_2,0.957233,4.686214,7.179247
563,pool_neon:MAT_Prop_NeonRed_pool_0,0.983141,3.440994,7.373558
563,pool_neon:MAT_Prop_NeonRed_pool_1,0.983141,4.904767,7.373558
563,pool_neon:MAT_Prop_NeonRed_pool_2,0.983141,4.813048,7.373558
564,pool_neon:MAT_Prop_NeonRed_pool_0,0.968599,3.390096,7.264493
564,pool_neon:MAT_Prop_NeonRed_pool_1,0.968599,4.832218,7.264493
564,pool_neon:MAT_Prop_NeonRed_pool_2,0.968599,4.741857,7.264493
565,pool_neon:MAT_Prop_NeonRed_pool_0,0.962155,3.367542,7.216163
565,pool_neon:MAT_Prop_NeonRed_pool_1,0.962155,4.800070,7.216163
565,pool_neon:MAT_Prop_NeonRed_pool_2,0.962155,4.710310,7.216163
566,pool_neon:MAT_Prop_NeonRed_pool_0,0.987957,3.457850,7.409677
566,pool_neon:MAT_Prop_NeonRed_pool_1,0.987957,4.928793,7.409677
566,pool_neon:MAT_Prop_NeonRed_pool_2,0.987957,4.836625,7.409677
567,pool_neon:MAT_Prop_NeonRed_pool_0,0.984127,3.444444,7.380952
567,pool_neon:MAT_Prop_NeonRed_pool_1,0.984127,4.909686,7.380952
567,pool_neon:MAT_Prop_NeonRed_pool_2,0.984127,4.817875,7.380952
568,pool_neon:MAT_Prop_NeonRed_pool_0,0.655458,2.294103,4.915935
568,pool_neon:MAT_Prop_NeonRed_pool_1,0.655458,3.269997,4.915935
568,pool_neon:MAT_Prop_NeonRed_pool_2,0.655458,3.208849,4.915935
569,pool_neon:MAT_Prop_NeonRed_pool_0,0.945715,3.310002,7.092862
569,pool_neon:MAT_Prop_NeonRed_pool_1,0.945715,4.718053,7.092862
569,pool_neon:MAT_Prop_NeonRed_pool_2,0.945715,4.629826,7.092862
570,pool_neon:MAT_Prop_NeonRed_pool_0,0.980341,3.431194,7.352558
570,pool_neon:MAT_Prop_NeonRed_pool_1,0.980341,4.890798,7.352558
570,pool_neon:MAT_Prop_NeonRed_pool_2,0.980341,4.799341,7.352558
571,pool_neon:MAT_Prop_NeonRed_pool_0,0.981666,3.435831,7.362495
571,pool_neon:MAT_Prop_NeonRed_pool_1,0.981666,4.897408,7.362495
571,pool_neon:MAT_Prop_NeonRed_pool_2,0.981666,4.805827,7.362495
572,pool_neon:MAT_Prop_NeonRed_pool_0,0.982679,3.439376,7.370093
572,pool_neon:MAT_Prop_NeonRed_pool_1,0.982679,4.902462,7.370093
572,pool_neon:MAT_Prop_NeonRed_pool_2,0.982679,4.810787,7.370093
573,pool_neon:MAT_Prop_NeonRed_pool_0,0.980882,3.433087,7.356615
573,pool_neon:MAT_Prop_NeonRed_pool_1,0.980882,4.893497,7.356615
573,pool_neon:MAT_Prop_NeonRed_pool_2,0.980882,4.801989,7.356615
574,pool_neon:MAT_Prop_NeonRed_pool_0,0.987315,3.455603,7.404863
574,pool_neon:MAT_Prop_NeonRed_pool_1,0.987315,4.925590,7.404863
574,pool_neon:MAT_Prop_NeonRed_pool_2,0.987315,4.833483,7.404863
575,pool_neon:MAT_Prop_NeonRed_pool_0,0.984283,3.444991,7.382123
575,pool_neon:MAT_Prop_NeonRed_pool_1,0.984283,4.910464,7.382123
575,pool_neon:MAT_Prop_NeonRed_pool_2,0.984283,4.818639,7.382123
576,pool_neon:MAT_Prop_NeonRed_pool_0,0.985721,3.450023,7.392907
576,pool_neon:MAT_Prop_NeonRed_pool_1,0.985721,4.917638,7.392907
576,pool_neon:MAT_Prop_NeonRed_pool_2,0.985721,4.825679,7.392907
577,pool_neon:MAT_Prop_NeonRed_pool_0,0.978998,3.426493,7.342485
577,pool_neon:MAT_Prop_NeonRed_pool_1,0.978998,4.884098,7.342485
577,pool_neon:MAT_Prop_NeonRed_pool_2,0.978998,4.792766,7.342485
578,pool_neon:MAT_Prop_NeonRed_pool_0,0.978259,3.423907,7.336943
578,pool_neon:MAT_Prop_NeonRed_pool_1,0.978259,4.880411,7.336943
578,pool_neon:MAT_Prop_NeonRed_pool_2,0.978259,4.789148,7.336943
579,pool_neon:MAT_Prop_NeonRed_pool_0,0.977514,3.421299,7.331355
579,pool_neon:MAT_Prop_NeonRed_pool_1,0.977514,4.876694,7.331355
579,pool_neon:MAT_Prop_NeonRed_pool_2,0.977514,4.785501,7.331355
580,pool_neon:MAT_Prop_NeonRed_pool_0,0.963114,3.370899,7.223355
580,pool_neon:MAT_Prop_NeonRed_pool_1,0.963114,4.804854,7.223355
580,pool_neon:MAT_Prop_NeonRed_pool_2,0.963114,4.715005,7.223355
581,pool_neon:MAT_Prop_NeonRed_pool_0,0.965983,3.380941,7.244873
581,pool_neon:MAT_Prop_NeonRed_pool_1,0.965983,4.819167,7.244873
581,pool_neon:MAT_Prop_NeonRed_pool_2,0.965983,4.729050,7.244873
582,pool_neon:MAT_Prop_NeonRed_pool_0,0.975190,3.413165,7.313925
582,pool_neon:MAT_Prop_NeonRed_pool_1,0.975190,4.865100,7.313925
582,pool_neon:MAT_Prop_NeonRed_pool_2,0.975190,4.774124,7.313925
583,pool_neon:MAT_Prop_NeonRed_pool_0,0.978820,3.425870,7.341150
583,pool_neon:MAT_Prop_NeonRed_pool_1,0.978820,4.883210,7.341150
583,pool_neon:MAT_Prop_NeonRed_pool_2,0.978820,4.791895,7.341150
584,pool_neon:MAT_Prop_NeonRed_pool_0,0.925768,3.240188,6.943260
584,pool_neon:MAT_Prop_NeonRed_pool_1,0.925768,4.618540,6.943260
584,pool_neon:MAT_Prop_NeonRed_pool_2,0.925768,4.532174,6.943260
585,pool_neon:MAT_Prop_NeonRed_pool_0,0.972657,3.404300,7.294928
585,pool_neon:MAT_Prop_NeonRed_pool_1,0.972657,4.852463,7.294928
585,pool_neon:MAT_Prop_NeonRed_pool_2,0.972657,4.761723,7.294928
586,pool_neon:MAT_Prop_NeonRed_pool_0,0.692240,2.422840,5.191800
586,pool_neon:MAT_Prop_NeonRed_pool_1,0.692240,3.453498,5.191800
586,pool_neon:MAT_Prop_NeonRed_pool_2,0.692240,3.388918,5.191800
587,pool_neon:MAT_Prop_NeonRed_pool_0,0.980791,3.432768,7.355932
587,pool_neon:MAT_Prop_NeonRed_pool_1,0.980791,4.893043,7.355932
587,pool_neon:MAT_Prop_NeonRed_pool_2,0.980791,4.801544,7.355932
588,pool_neon:MAT_Prop_NeonRed_pool_0,0.985503,3.449261,7.391273
588,pool_neon:MAT_Prop_NeonRed_pool_1,0.985503,4.916550,7.391273
588,pool_neon:MAT_Prop_NeonRed_pool_2,0.985503,4.824612,7.391273
589,pool_neon:MAT_Prop_NeonRed_pool_0,0.986743,3.453601,7.400572
589,pool_neon:MAT_Prop_NeonRed_pool_1,0.986743,4.922736,7.400572
589,pool_neon:MAT_Prop_NeonRed_pool_2,0.986743,4.830682,7.400572
590,pool_neon:MAT_Prop_NeonRed_pool_0,0.962201,3.367703,7.216507
590,pool_neon:MAT_Prop_NeonRed_pool_1,0.962201,4.800300,7.216507
590,pool_neon:MAT_Prop_NeonRed_pool_2,0.962201,4.710535,7.216507
591,pool_neon:MAT_Prop_NeonRed_pool_0,0.924058,3.234203,6.930435
591,pool_neon:MAT_Prop_NeonRed_pool_1,0.924058,4.610009,6.930435
591,pool_neon:MAT_Prop_NeonRed_pool_2,0.924058,4.523803,6.930435
592,pool_neon:MAT_Prop_NeonRed_pool_0,0.974877,3.412069,7.311578
592,pool_neon:MAT_Prop_NeonRed_pool_1,0.974877,4.863539,7.311578
592,pool_neon:MAT_Prop_NeonRed_pool_2,0.974877,4.772591,7.311578
593,pool_neon:MAT_Prop_NeonRed_pool_0,0.985172,3.448102,7.388790
593,pool_neon:MAT_Prop_NeonRed_pool_1,0.985172,4.914899,7.388790
593,pool_neon:MAT_Prop_NeonRed_pool_2,0.985172,4.822991,7.388790
594,pool_neon:MAT_Prop_NeonRed_pool_0,0.959673,3.358855,7.197547
594,pool_neon:MAT_Prop_NeonRed_pool_1,0.959673,4.787688,7.197547
594,pool_neon:MAT_Prop_NeonRed_pool_2,0.959673,4.698159,7.197547
595,pool_neon:MAT_Prop_NeonRed_pool_0,0.980071,3.430249,7.350532
595,pool_neon:MAT_Prop_NeonRed_pool_1,0.980071,4.889451,7.350532
595,pool_neon:MAT_Prop_NeonRed_pool_2,0.980071,4.798019,7.350532
596,pool_neon:MAT_Prop_NeonRed_pool_0,0.977661,3.421813,7.332458
596,pool_neon:MAT_Prop_NeonRed_pool_1,0.977661,4.877428,7.332458
596,pool_neon:MAT_Prop_NeonRed_pool_2,0.977661,4.786221,7.332458
597,pool_neon:MAT_Prop_NeonRed_pool_0,0.979359,3.427757,7.345192
597,pool_neon:MAT_Prop_NeonRed_pool_1,0.979359,4.885899,7.345192
597,pool_neon:MAT_Prop_NeonRed_pool_2,0.979359,4.794533,7.345192
598,pool_neon:MAT_Prop_NeonRed_pool_0,0.925253,3.238386,6.939398
598,pool_neon:MAT_Prop_NeonRed_pool_1,0.925253,4.615971,6.939398
598,pool_neon:MAT_Prop_NeonRed_pool_2,0.925253,4.529653,6.939398
599,pool_neon:MAT_Prop_NeonRed_pool_0,0.975197,3.413190,7.313978
599,pool_neon:MAT_Prop_NeonRed_pool_1,0.975197,4.865135,7.313978
599,pool_neon:MAT_Prop_NeonRed_pool_2,0.975197,4.774158,7.313978
600,pool_neon:MAT_Prop_NeonRed_pool_0,0.982404,3.438414,7.368030
600,pool_neon:MAT_Prop_NeonRed_pool_1,0.982404,4.901090,7.368030
600,pool_neon:MAT_Prop_NeonRed_pool_2,0.982404,4.809440,7.368030
601,pool_neon:MAT_Prop_NeonRed_pool_0,0.929816,3.254356,6.973620
601,pool_neon:MAT_Prop_NeonRed_pool_1,0.929816,4.638735,6.973620
601,pool_neon:MAT_Prop_NeonRed_pool_2,0.929816,4.551991,6.973620
602,pool_neon:MAT_Prop_NeonRed_pool_0,0.980000,3.430000,7.350000
602,pool_neon:MAT_Prop_NeonRed_pool_1,0.980000,4.889097,7.350000
602,pool_neon:MAT_Prop_NeonRed_pool_2,0.980000,4.797671,7.350000
603,pool_neon:MAT_Prop_NeonRed_pool_0,0.987544,3.456404,7.406580
603,pool_neon:MAT_Prop_NeonRed_pool_1,0.987544,4.926733,7.406580
603,pool_neon:MAT_Prop_NeonRed_pool_2,0.987544,4.834604,7.406580
604,pool_neon:MAT_Prop_NeonRed_pool_0,0.984197,3.444689,7.381477
604,pool_neon:MAT_Prop_NeonRed_pool_1,0.984197,4.910035,7.381477
604,pool_neon:MAT_Prop_NeonRed_pool_2,0.984197,4.818218,7.381477
605,pool_neon:MAT_Prop_NeonRed_pool_0,0.984374,3.445309,7.382805
605,pool_neon:MAT_Prop_NeonRed_pool_1,0.984374,4.910918,7.382805
605,pool_neon:MAT_Prop_NeonRed_pool_2,0.984374,4.819085,7.382805
606,pool_neon:MAT_Prop_NeonRed_pool_0,0.980137,3.430480,7.351028
606,pool_neon:MAT_Prop_NeonRed_pool_1,0.980137,4.889780,7.351028
606,pool_neon:MAT_Prop_NeonRed_pool_2,0.980137,4.798342,7.351028
607,pool_neon:MAT_Prop_NeonRed_pool_0,0.983058,3.440703,7.372935
607,pool_neon:MAT_Prop_NeonRed_pool_1,0.983058,4.904352,7.372935
607,pool_neon:MAT_Prop_NeonRed_pool_2,0.983058,4.812642,7.372935
608,pool_neon:MAT_Prop_NeonRed_pool_0,0.986147,3.451515,7.396102
608,pool_neon:MAT_Prop_NeonRed_pool_1,0.986147,4.919763,7.396102
608,pool_neon:MAT_Prop_NeonRed_pool_2,0.986147,4.827764,7.396102
609,pool_neon:MAT_Prop_NeonRed_pool_0,0.985705,3.449968,7.392788
609,pool_neon:MAT_Prop_NeonRed_pool_1,0.985705,4.917558,7.392788
609,pool_neon:MAT_Prop_NeonRed_pool_2,0.985705,4.825601,7.392788
610,pool_neon:MAT_Prop_NeonRed_pool_0,0.972804,3.404814,7.296030
610,pool_neon:MAT_Prop_NeonRed_pool_1,0.972804,4.853197,7.296030
610,pool_neon:MAT_Prop_NeonRed_pool_2,0.972804,4.762443,7.296030
611,pool_neon:MAT_Prop_NeonRed_pool_0,0.974774,3.411709,7.310805
611,pool_neon:MAT_Prop_NeonRed_pool_1,0.974774,4.863025,7.310805
611,pool_neon:MAT_Prop_NeonRed_pool_2,0.974774,4.772087,7.310805
612,pool_neon:MAT_Prop_NeonRed_pool_0,0.977375,3.420812,7.330312
612,pool_neon:MAT_Prop_NeonRed_pool_1,0.977375,4.876001,7.330312
612,pool_neon:MAT_Prop_NeonRed_pool_2,0.977375,4.784820,7.330312
613,pool_neon:MAT_Prop_NeonRed_pool_0,0.966595,3.383082,7.249462
613,pool_neon:MAT_Prop_NeonRed_pool_1,0.966595,4.822221,7.249462
613,pool_neon:MAT_Prop_NeonRed_pool_2,0.966595,4.732046,7.249462
614,pool_neon:MAT_Prop_NeonRed_pool_0,0.978540,3.424890,7.339050
614,pool_neon:MAT_Prop_NeonRed_pool_1,0.978540,4.881813,7.339050
614,pool_neon:MAT_Prop_NeonRed_pool_2,0.978540,4.790524,7.339050
615,pool_neon:MAT_Prop_NeonRed_pool_0,0.921095,3.223832,6.908213
615,pool_neon:MAT_Prop_NeonRed_pool_1,0.921095,4.595227,6.908213
615,pool_neon:MAT_Prop_NeonRed_pool_2,0.921095,4.509297,6.908213
616,pool_neon:MAT_Prop_NeonRed_pool_0,0.963816,3.373356,7.228620
616,pool_neon:MAT_Prop_NeonRed_pool_1,0.963816,4.808357,7.228620
616,pool_neon:MAT_Prop_NeonRed_pool_2,0.963816,4.718441,7.228620
617,pool_neon:MAT_Prop_NeonRed_pool_0,0.973646,3.407761,7.302345
617,pool_neon:MAT_Prop_NeonRed_pool_1,0.973646,4.857397,7.302345
617,pool_neon:MAT_Prop_NeonRed_pool_2,0.973646,4.766565,7.302345
618,pool_neon:MAT_Prop_NeonRed_pool_0,0.975259,3.413406,7.314443
618,pool_neon:MAT_Prop_NeonRed_pool_1,0.975259,4.865444,7.314443
618,pool_neon:MAT_Prop_NeonRed_pool_2,0.975259,4.774461,7.314443
619,pool_neon:MAT_Prop_NeonRed_pool_0,0.923711,3.232988,6.927832
619,pool_neon:MAT_Prop_NeonRed_pool_1,0.923711,4.608278,6.927832
619,pool_neon:MAT_Prop_NeonRed_pool_2,0.923711,4.522104,6.927832
620,pool_neon:MAT_Prop_NeonRed_pool_0,0.960723,3.362531,7.205423
620,pool_neon:MAT_Prop_NeonRed_pool_1,0.960723,4.792926,7.205423
620,pool_neon:MAT_Prop_NeonRed_pool_2,0.960723,4.703299,7.205423
621,pool_neon:MAT_Prop_NeonRed_pool_0,0.980403,3.431411,7.353022
621,pool_neon:MAT_Prop_NeonRed_pool_1,0.980403,4.891107,7.353022
621,pool_neon:MAT_Prop_NeonRed_pool_2,0.980403,4.799644,7.353022
622,pool_neon:MAT_Prop_NeonRed_pool_0,0.929564,3.253474,6.971730
622,pool_neon:MAT_Prop_NeonRed_pool_1,0.929564,4.637478,6.971730
622,pool_neon:MAT_Prop_NeonRed_pool_2,0.929564,4.550758,6.971730
623,pool_neon:MAT_Prop_NeonRed_pool_0,0.972641,3.404243,7.294808
623,pool_neon:MAT_Prop_NeonRed_pool_1,0.972641,4.852383,7.294808
623,pool_neon:MAT_Prop_NeonRed_pool_2,0.972641,4.761645,7.294808
624,pool_neon:MAT_Prop_NeonRed_pool_0,0.927646,3.246761,6.957345
624,pool_neon:MAT_Prop_NeonRed_pool_1,0.927646,4.627909,6.957345
624,pool_neon:MAT_Prop_NeonRed_pool_2,0.927646,4.541368,6.957345
625,pool_neon:MAT_Prop_NeonRed_pool_0,0.941470,3.295145,7.061025
625,pool_neon:MAT_Prop_NeonRed_pool_1,0.941470,4.696875,7.061025
625,pool_neon:MAT_Prop_NeonRed_pool_2,0.941470,4.609045,7.061025
626,pool_neon:MAT_Prop_NeonRed_pool_0,0.972791,3.404768,7.295932
626,pool_neon:MAT_Prop_NeonRed_pool_1,0.972791,4.853132,7.295932
626,pool_neon:MAT_Prop_NeonRed_pool_2,0.972791,4.762379,7.295932
627,pool_neon:MAT_Prop_NeonRed_pool_0,0.942699,3.299446,7.070242
627,pool_neon:MAT_Prop_NeonRed_pool_1,0.942699,4.703007,7.070242
627,pool_neon:MAT_Prop_NeonRed_pool_2,0.942699,4.615061,7.070242
628,pool_neon:MAT_Prop_NeonRed_pool_0,0.949852,3.324482,7.123890
628,pool_neon:MAT_Prop_NeonRed_pool_1,0.949852,4.738692,7.123890
628,pool_neon:MAT_Prop_NeonRed_pool_2,0.949852,4.650079,7.123890
629,pool_neon:MAT_Prop_NeonRed_pool_0,0.967697,3.386939,7.257728
629,pool_neon:MAT_Prop_NeonRed_pool_1,0.967697,4.827718,7.257728
629,pool_neon:MAT_Prop_NeonRed_pool_2,0.967697,4.737441,7.257728
630,pool_neon:MAT_Prop_NeonRed_pool_0,0.981639,3.435736,7.362293
630,pool_neon:MAT_Prop_NeonRed_pool_1,0.981639,4.897273,7.362293
630,pool_neon:MAT_Prop_NeonRed_pool_2,0.981639,4.805695,7.362293
631,pool_neon:MAT_Prop_NeonRed_pool_0,0.955843,3.345451,7.168823
631,pool_neon:MAT_Prop_NeonRed_pool_1,0.955843,4.768580,7.168823
631,pool_neon:MAT_Prop_NeonRed_pool_2,0.955843,4.679409,7.168823
632,pool_neon:MAT_Prop_NeonRed_pool_0,0.939856,3.289496,7.048920
632,pool_neon:MAT_Prop_NeonRed_pool_1,0.939856,4.688823,7.048920
632,pool_neon:MAT_Prop_NeonRed_pool_2,0.939856,4.601143,7.048920
633,pool_neon:MAT_Prop_NeonRed_pool_0,0.985798,3.450293,7.393485
633,pool_neon:MAT_Prop_NeonRed_pool_1,0.985798,4.918022,7.393485
633,pool_neon:MAT_Prop_NeonRed_pool_2,0.985798,4.826056,7.393485
634,pool_neon:MAT_Prop_NeonRed_pool_0,0.979579,3.428526,7.346843
634,pool_neon:MAT_Prop_NeonRed_pool_1,0.979579,4.886996,7.346843
634,pool_neon:MAT_Prop_NeonRed_pool_2,0.979579,4.795610,7.346843
635,pool_neon:MAT_Prop_NeonRed_pool_0,0.926603,3.243110,6.949522
635,pool_neon:MAT_Prop_NeonRed_pool_1,0.926603,4.622706,6.949522
635,pool_neon:MAT_Prop_NeonRed_pool_2,0.926603,4.536262,6.949522
636,pool_neon:MAT_Prop_NeonRed_pool_0,0.977363,3.420770,7.330222
636,pool_neon:MAT_Prop_NeonRed_pool_1,0.977363,4.875941,7.330222
636,pool_neon:MAT_Prop_NeonRed_pool_2,0.977363,4.784762,7.330222
637,pool_neon:MAT_Prop_NeonRed_pool_0,0.983931,3.443758,7.379482
637,pool_neon:MAT_Prop_NeonRed_pool_1,0.983931,4.908708,7.379482
637,pool_neon:MAT_Prop_NeonRed_pool_2,0.983931,4.816916,7.379482
638,pool_neon:MAT_Prop_NeonRed_pool_0,0.933563,3.267470,7.001723
638,pool_neon:MAT_Prop_NeonRed_pool_1,0.933563,4.657428,7.001723
638,pool_neon:MAT_Prop_NeonRed_pool_2,0.933563,4.570335,7.001723
639,pool_neon:MAT_Prop_NeonRed_pool_0,0.713274,2.496459,5.349555
639,pool_neon:MAT_Prop_NeonRed_pool_1,0.713274,3.558434,5.349555
639,pool_neon:MAT_Prop_NeonRed_pool_2,0.713274,3.491892,5.349555
640,pool_neon:MAT_Prop_NeonRed_pool_0,0.978463,3.424621,7.338472
640,pool_neon:MAT_Prop_NeonRed_pool_1,0.978463,4.881429,7.338472
640,pool_neon:MAT_Prop_NeonRed_pool_2,0.978463,4.790147,7.338472
641,pool_neon:MAT_Prop_NeonRed_pool_0,0.988054,3.458189,7.410405
641,pool_neon:MAT_Prop_NeonRed_pool_1,0.988054,4.929277,7.410405
641,pool_neon:MAT_Prop_NeonRed_pool_2,0.988054,4.837100,7.410405
642,pool_neon:MAT_Prop_NeonRed_pool_0,0.981817,3.436360,7.363628
642,pool_neon:MAT_Prop_NeonRed_pool_1,0.981817,4.898161,7.363628
642,pool_neon:MAT_Prop_NeonRed_pool_2,0.981817,4.806567,7.363628
643,pool_neon:MAT_Prop_NeonRed_pool_0,0.942498,3.298743,7.068735
643,pool_neon:MAT_Prop_NeonRed_pool_1,0.942498,4.702004,7.068735
643,pool_neon:MAT_Prop_NeonRed_pool_2,0.942498,4.614077,7.068735
644,pool_neon:MAT_Prop_NeonRed_pool_0,0.982256,3.437896,7.366920
644,pool_neon:MAT_Prop_NeonRed_pool_1,0.982256,4.900351,7.366920
644,pool_neon:MAT_Prop_NeonRed_pool_2,0.982256,4.808716,7.366920
645,pool_neon:MAT_Prop_NeonRed_pool_0,0.715784,2.505244,5.368380
645,pool_neon:MAT_Prop_NeonRed_pool_1,0.715784,3.570956,5.368380
645,pool_neon:MAT_Prop_NeonRed_pool_2,0.715784,3.504180,5.368380
646,pool_neon:MAT_Prop_NeonRed_pool_0,0.921363,3.224770,6.910223
646,pool_neon:MAT_Prop_NeonRed_pool_1,0.921363,4.596564,6.910223
646,pool_neon:MAT_Prop_NeonRed_pool_2,0.921363,4.510609,6.910223
647,pool_neon:MAT_Prop_NeonRed_pool_0,0.945834,3.310419,7.093755
647,pool_neon:MAT_Prop_NeonRed_pool_1,0.945834,4.718647,7.093755
647,pool_neon:MAT_Prop_NeonRed_pool_2,0.945834,4.630409,7.093755
648,pool_neon:MAT_Prop_NeonRed_pool_0,0.945072,3.307752,7.088040
648,pool_neon:MAT_Prop_NeonRed_pool_1,0.945072,4.714845,7.088040
648,pool_neon:MAT_Prop_NeonRed_pool_2,0.945072,4.626678,7.088040
649,pool_neon:MAT_Prop_NeonRed_pool_0,0.978601,3.425104,7.339508
649,pool_neon:MAT_Prop_NeonRed_pool_1,0.978601,4.882117,7.339508
649,pool_neon:MAT_Prop_NeonRed_pool_2,0.978601,4.790822,7.339508
650,pool_neon:MAT_Prop_NeonRed_pool_0,0.969145,3.392008,7.268588
650,pool_neon:MAT_Prop_NeonRed_pool_1,0.969145,4.834942,7.268588
650,pool_neon:MAT_Prop_NeonRed_pool_2,0.969145,4.744530,7.268588
651,pool_neon:MAT_Prop_NeonRed_pool_0,0.672655,2.354293,5.044912
651,pool_neon:MAT_Prop_NeonRed_pool_1,0.672655,3.355791,5.044912
651,pool_neon:MAT_Prop_NeonRed_pool_2,0.672655,3.293038,5.044912
652,pool_neon:MAT_Prop_NeonRed_pool_0,0.985853,3.450486,7.393897
652,pool_neon:MAT_Prop_NeonRed_pool_1,0.985853,4.918296,7.393897
652,pool_neon:MAT_Prop_NeonRed_pool_2,0.985853,4.826325,7.393897
653,pool_neon:MAT_Prop_NeonRed_pool_0,0.974689,3.411412,7.310168
653,pool_neon:MAT_Prop_NeonRed_pool_1,0.974689,4.862601,7.310168
653,pool_neon:MAT_Prop_NeonRed_pool_2,0.974689,4.771671,7.310168
654,pool_neon:MAT_Prop_NeonRed_pool_0,0.967763,3.387171,7.258223
654,pool_neon:MAT_Prop_NeonRed_pool_1,0.967763,4.828048,7.258223
654,pool_neon:MAT_Prop_NeonRed_pool_2,0.967763,4.737764,7.258223
655,pool_neon:MAT_Prop_NeonRed_pool_0,0.952865,3.335027,7.146488
655,pool_neon:MAT_Prop_NeonRed_pool_1,0.952865,4.753723,7.146488
655,pool_neon:MAT_Prop_NeonRed_pool_2,0.952865,4.664830,7.146488
656,pool_neon:MAT_Prop_NeonRed_pool_0,0.985764,3.450174,7.393230
656,pool_neon:MAT_Prop_NeonRed_pool_1,0.985764,4.917852,7.393230
656,pool_neon:MAT_Prop_NeonRed_pool_2,0.985764,4.825889,7.393230
657,pool_neon:MAT_Prop_NeonRed_pool_0,0.973500,3.407250,7.301250
657,pool_neon:MAT_Prop_NeonRed_pool_1,0.973500,4.856669,7.301250
657,pool_neon:MAT_Prop_NeonRed_pool_2,0.973500,4.765850,7.301250
658,pool_neon:MAT_Prop_NeonRed_pool_0,0.975734,3.415069,7.318005
658,pool_neon:MAT_Prop_NeonRed_pool_1,0.975734,4.867814,7.318005
658,pool_neon:MAT_Prop_NeonRed_pool_2,0.975734,4.776787,7.318005
659,pool_neon:MAT_Prop_NeonRed_pool_0,0.926723,3.243530,6.950423
659,pool_neon:MAT_Prop_NeonRed_pool_1,0.926723,4.623304,6.950423
659,pool_neon:MAT_Prop_NeonRed_pool_2,0.926723,4.536849,6.950423
660,pool_neon:MAT_Prop_NeonRed_pool_0,0.930418,3.256463,6.978135
660,pool_neon:MAT_Prop_NeonRed_pool_1,0.930418,4.641738,6.978135
660,pool_neon:MAT_Prop_NeonRed_pool_2,0.930418,4.554939,6.978135
661,pool_neon:MAT_Prop_NeonRed_pool_0,0.978316,3.424106,7.337370
661,pool_neon:MAT_Prop_NeonRed_pool_1,0.978316,4.880695,7.337370
661,pool_neon:MAT_Prop_NeonRed_pool_2,0.978316,4.789427,7.337370
662,pool_neon:MAT_Prop_NeonRed_pool_0,0.924426,3.235491,6.933195
662,pool_neon:MAT_Prop_NeonRed_pool_1,0.924426,4.611845,6.933195
662,pool_neon:MAT_Prop_NeonRed_pool_2,0.924426,4.525604,6.933195
663,pool_neon:MAT_Prop_NeonRed_pool_0,0.980658,3.432303,7.354935
663,pool_neon:MAT_Prop_NeonRed_pool_1,0.980658,4.892379,7.354935
663,pool_neon:MAT_Prop_NeonRed_pool_2,0.980658,4.800893,7.354935
664,pool_neon:MAT_Prop_NeonRed_pool_0,0.955414,3.343949,7.165605
664,pool_neon:MAT_Prop_NeonRed_pool_1,0.955414,4.766440,7.165605
664,pool_neon:MAT_Prop_NeonRed_pool_2,0.955414,4.677309,7.165605
665,pool_neon:MAT_Prop_NeonRed_pool_0,0.920733,3.222565,6.905498
665,pool_neon:MAT_Prop_NeonRed_pool_1,0.920733,4.593421,6.905498
665,pool_neon:MAT_Prop_NeonRed_pool_2,0.920733,4.507525,6.905498
666,pool_neon:MAT_Prop_NeonRed_pool_0,0.976320,3.417120,7.322400
666,pool_neon:MAT_Prop_NeonRed_pool_1,0.976320,4.870737,7.322400
666,pool_neon:MAT_Prop_NeonRed_pool_2,0.976320,4.779656,7.322400
667,pool_neon:MAT_Prop_NeonRed_pool_0,0.982076,3.437266,7.365570
667,pool_neon:MAT_Prop_NeonRed_pool_1,0.982076,4.899453,7.365570
667,pool_neon:MAT_Prop_NeonRed_pool_2,0.982076,4.807835,7.365570
668,pool_neon:MAT_Prop_NeonRed_pool_0,0.960092,3.360322,7.200690
668,pool_neon:MAT_Prop_NeonRed_pool_1,0.960092,4.789778,7.200690
668,pool_neon:MAT_Prop_NeonRed_pool_2,0.960092,4.700210,7.200690
669,pool_neon:MAT_Prop_NeonRed_pool_0,0.941204,3.294214,7.059030
669,pool_neon:MAT_Prop_NeonRed_pool_1,0.941204,4.695548,7.059030
669,pool_neon:MAT_Prop_NeonRed_pool_2,0.941204,4.607742,7.059030
670,pool_neon:MAT_Prop_NeonRed_pool_0,0.975841,3.415443,7.318808
670,pool_neon:MAT_Prop_NeonRed_pool_1,0.975841,4.868348,7.318808
670,pool_neon:MAT_Prop_NeonRed_pool_2,0.975841,4.777311,7.318808
671,pool_neon:MAT_Prop_NeonRed_pool_0,0.967741,3.387093,7.258057
671,pool_neon:MAT_Prop_NeonRed_pool_1,0.967741,4.827938,7.258057
671,pool_neon:MAT_Prop_NeonRed_pool_2,0.967741,4.737656,7.258057
672,pool_neon:MAT_Prop_NeonRed_pool_0,0.980874,3.433059,7.356555
672,pool_neon:MAT_Prop_NeonRed_pool_1,0.980874,4.893457,7.356555
672,pool_neon:MAT_Prop_NeonRed_pool_2,0.980874,4.801950,7.356555
673,pool_neon:MAT_Prop_NeonRed_pool_0,0.958287,3.354004,7.187152
673,pool_neon:MAT_Prop_NeonRed_pool_1,0.958287,4.780773,7.187152
673,pool_neon:MAT_Prop_NeonRed_pool_2,0.958287,4.691374,7.187152
674,pool_neon:MAT_Prop_NeonRed_pool_0,0.956346,3.347211,7.172595
674,pool_neon:MAT_Prop_NeonRed_pool_1,0.956346,4.771090,7.172595
674,pool_neon:MAT_Prop_NeonRed_pool_2,0.956346,4.681871,7.172595
675,pool_neon:MAT_Prop_NeonRed_pool_0,0.959156,3.357046,7.193670
675,pool_neon:MAT_Prop_NeonRed_pool_1,0.959156,4.785108,7.193670
675,pool_neon:MAT_Prop_NeonRed_pool_2,0.959156,4.695628,7.193670
676,pool_neon:MAT_Prop_NeonRed_pool_0,0.983320,3.441620,7.374900
676,pool_neon:MAT_Prop_NeonRed_pool_1,0.983320,4.905660,7.374900
676,pool_neon:MAT_Prop_NeonRed_pool_2,0.983320,4.813925,7.374900
677,pool_neon:MAT_Prop_NeonRed_pool_0,0.987462,3.456117,7.405965
677,pool_neon:MAT_Prop_NeonRed_pool_1,0.987462,4.926323,7.405965
677,pool_neon:MAT_Prop_NeonRed_pool_2,0.987462,4.834202,7.405965
678,pool_neon:MAT_Prop_NeonRed_pool_0,0.988380,3.459330,7.412850
678,pool_neon:MAT_Prop_NeonRed_pool_1,0.988380,4.930903,7.412850
678,pool_neon:MAT_Prop_NeonRed_pool_2,0.988380,4.838696,7.412850
679,pool_neon:MAT_Prop_NeonRed_pool_0,0.964927,3.377244,7.236953
679,pool_neon:MAT_Prop_NeonRed_pool_1,0.964927,4.813899,7.236953
679,pool_neon:MAT_Prop_NeonRed_pool_2,0.964927,4.723880,7.236953
680,pool_neon:MAT_Prop_NeonRed_pool_0,0.931539,3.260387,6.986542
680,pool_neon:MAT_Prop_NeonRed_pool_1,0.931539,4.647331,6.986542
680,pool_neon:MAT_Prop_NeonRed_pool_2,0.931539,4.560426,6.986542
681,pool_neon:MAT_Prop_NeonRed_pool_0,0.973632,3.407712,7.302240
681,pool_neon:MAT_Prop_NeonRed_pool_1,0.973632,4.857327,7.302240
681,pool_neon:MAT_Prop_NeonRed_pool_2,0.973632,4.766496,7.302240
682,pool_neon:MAT_Prop_NeonRed_pool_0,0.989344,3.462704,7.420080
682,pool_neon:MAT_Prop_NeonRed_pool_1,0.989344,4.935713,7.420080
682,pool_neon:MAT_Prop_NeonRed_pool_2,0.989344,4.843416,7.420080
683,pool_neon:MAT_Prop_NeonRed_pool_0,0.987305,3.455567,7.404788
683,pool_neon:MAT_Prop_NeonRed_pool_1,0.987305,4.925540,7.404788
683,pool_neon:MAT_Prop_NeonRed_pool_2,0.987305,4.833434,7.404788
684,pool_neon:MAT_Prop_NeonRed_pool_0,0.977149,3.420022,7.328618
684,pool_neon:MAT_Prop_NeonRed_pool_1,0.977149,4.874873,7.328618
684,pool_neon:MAT_Prop_NeonRed_pool_2,0.977149,4.783714,7.328618
685,pool_neon:MAT_Prop_NeonRed_pool_0,0.940616,3.292156,7.054620
685,pool_neon:MAT_Prop_NeonRed_pool_1,0.940616,4.692615,7.054620
685,pool_neon:MAT_Prop_NeonRed_pool_2,0.940616,4.604864,7.054620
686,pool_neon:MAT_Prop_NeonRed_pool_0,0.976501,3.417753,7.323757
686,pool_neon:MAT_Prop_NeonRed_pool_1,0.976501,4.871640,7.323757
686,pool_neon:MAT_Prop_NeonRed_pool_2,0.976501,4.780542,7.323757
687,pool_neon:MAT_Prop_NeonRed_pool_0,0.926610,3.243135,6.949575
687,pool_neon:MAT_Prop_NeonRed_pool_1,0.926610,4.622741,6.949575
687,pool_neon:MAT_Prop_NeonRed_pool_2,0.926610,4.536296,6.949575
688,pool_neon:MAT_Prop_NeonRed_pool_0,0.927695,3.246933,6.957713
688,pool_neon:MAT_Prop_NeonRed_pool_1,0.927695,4.628153,6.957713
688,pool_neon:MAT_Prop_NeonRed_pool_2,0.927695,4.541608,6.957713
689,pool_neon:MAT_Prop_NeonRed_pool_0,0.987481,3.456184,7.406108
689,pool_neon:MAT_Prop_NeonRed_pool_1,0.987481,4.926418,7.406108
689,pool_neon:MAT_Prop_NeonRed_pool_2,0.987481,4.834295,7.406108
690,pool_neon:MAT_Prop_NeonRed_pool_0,0.987045,3.454657,7.402837
690,pool_neon:MAT_Prop_NeonRed_pool_1,0.987045,4.924243,7.402837
690,pool_neon:MAT_Prop_NeonRed_pool_2,0.987045,4.832161,7.402837
691,pool_neon:MAT_Prop_NeonRed_pool_0,0.981503,3.435261,7.361273
691,pool_neon:MAT_Prop_NeonRed_pool_1,0.981503,4.896595,7.361273
691,pool_neon:MAT_Prop_NeonRed_pool_2,0.981503,4.805029,7.361273
692,pool_neon:MAT_Prop_NeonRed_pool_0,0.967804,3.387314,7.258530
692,pool_neon:MAT_Prop_NeonRed_pool_1,0.967804,4.828252,7.258530
692,pool_neon:MAT_Prop_NeonRed_pool_2,0.967804,4.737965,7.258530
693,pool_neon:MAT_Prop_NeonRed_pool_0,0.986808,3.453828,7.401060
693,pool_neon:MAT_Prop_NeonRed_pool_1,0.986808,4.923061,7.401060
693,pool_neon:MAT_Prop_NeonRed_pool_2,0.986808,4.831000,7.401060
694,pool_neon:MAT_Prop_NeonRed_pool_0,0.939737,3.289080,7.048027
694,pool_neon:MAT_Prop_NeonRed_pool_1,0.939737,4.688229,7.048027
694,pool_neon:MAT_Prop_NeonRed_pool_2,0.939737,4.600560,7.048027
695,pool_neon:MAT_Prop_NeonRed_pool_0,0.950628,3.327198,7.129710
695,pool_neon:MAT_Prop_NeonRed_pool_1,0.950628,4.742563,7.129710
695,pool_neon:MAT_Prop_NeonRed_pool_2,0.950628,4.653878,7.129710
696,pool_neon:MAT_Prop_NeonRed_pool_0,0.678932,2.376262,5.091990
696,pool_neon:MAT_Prop_NeonRed_pool_1,0.678932,3.387106,5.091990
696,pool_neon:MAT_Prop_NeonRed_pool_2,0.678932,3.323768,5.091990
697,pool_neon:MAT_Prop_NeonRed_pool_0,0.935855,3.275492,7.018912
697,pool_neon:MAT_Prop_NeonRed_pool_1,0.935855,4.668863,7.018912
697,pool_neon:MAT_Prop_NeonRed_pool_2,0.935855,4.581556,7.018912
698,pool_neon:MAT_Prop_NeonRed_pool_0,0.982218,3.437763,7.366635
698,pool_neon:MAT_Prop_NeonRed_pool_1,0.982218,4.900162,7.366635
698,pool_neon:MAT_Prop_NeonRed_pool_2,0.982218,4.808530,7.366635
699,pool_neon:MAT_Prop_NeonRed_pool_0,0.989185,3.462147,7.418888
699,pool_neon:MAT_Prop_NeonRed_pool_1,0.989185,4.934919,7.418888
699,pool_neon:MAT_Prop_NeonRed_pool_2,0.989185,4.842637,7.418888
700,pool_neon:MAT_Prop_NeonRed_pool_0,0.964109,3.374382,7.230817
700,pool_neon:MAT_Prop_NeonRed_pool_1,0.964109,4.809818,7.230817
700,pool_neon:MAT_Prop_NeonRed_pool_2,0.964109,4.719876,7.230817
701,pool_neon:MAT_Prop_NeonRed_pool_0,0.717915,2.512703,5.384362
701,pool_neon:MAT_Prop_NeonRed_pool_1,0.717915,3.581587,5.384362
701,pool_neon:MAT_Prop_NeonRed_pool_2,0.717915,3.514612,5.384362
702,pool_neon:MAT_Prop_NeonRed_pool_0,0.944459,3.305607,7.083443
702,pool_neon:MAT_Prop_NeonRed_pool_1,0.944459,4.711787,7.083443
702,pool_neon:MAT_Prop_NeonRed_pool_2,0.944459,4.623677,7.083443
703,pool_neon:MAT_Prop_NeonRed_pool_0,0.982048,3.437168,7.365360
703,pool_neon:MAT_Prop_NeonRed_pool_1,0.982048,4.899314,7.365360
703,pool_neon:MAT_Prop_NeonRed_pool_2,0.982048,4.807697,7.365360
704,pool_neon:MAT_Prop_NeonRed_pool_0,0.973716,3.408006,7.302870
704,pool_neon:MAT_Prop_NeonRed_pool_1,0.973716,4.857746,7.302870
704,pool_neon:MAT_Prop_NeonRed_pool_2,0.973716,4.766907,7.302870
705,pool_neon:MAT_Prop_NeonRed_pool_0,0.941643,3.295751,7.062323
705,pool_neon:MAT_Prop_NeonRed_pool_1,0.941643,4.697738,7.062323
705,pool_neon:MAT_Prop_NeonRed_pool_2,0.941643,4.609891,7.062323
706,pool_neon:MAT_Prop_NeonRed_pool_0,0.981364,3.434774,7.360230
706,pool_neon:MAT_Prop_NeonRed_pool_1,0.981364,4.895901,7.360230
706,pool_neon:MAT_Prop_NeonRed_pool_2,0.981364,4.804349,7.360230
707,pool_neon:MAT_Prop_NeonRed_pool_0,0.956217,3.346760,7.171627
707,pool_neon:MAT_Prop_NeonRed_pool_1,0.956217,4.770446,7.171627
707,pool_neon:MAT_Prop_NeonRed_pool_2,0.956217,4.681240,7.171627
708,pool_neon:MAT_Prop_NeonRed_pool_0,0.965267,3.378435,7.239502
708,pool_neon:MAT_Prop_NeonRed_pool_1,0.965267,4.815595,7.239502
708,pool_neon:MAT_Prop_NeonRed_pool_2,0.965267,4.725545,7.239502
709,pool_neon:MAT_Prop_NeonRed_pool_0,0.984802,3.446807,7.386015
709,pool_neon:MAT_Prop_NeonRed_pool_1,0.984802,4.913053,7.386015
709,pool_neon:MAT_Prop_NeonRed_pool_2,0.984802,4.821180,7.386015
710,pool_neon:MAT_Prop_NeonRed_pool_0,0.940377,3.291320,7.052828
710,pool_neon:MAT_Prop_NeonRed_pool_1,0.940377,4.691422,7.052828
710,pool_neon:MAT_Prop_NeonRed_pool_2,0.940377,4.603694,7.052828
711,pool_neon:MAT_Prop_NeonRed_pool_0,0.969192,3.392172,7.268940
711,pool_neon:MAT_Prop_NeonRed_pool_1,0.969192,4.835177,7.268940
711,pool_neon:MAT_Prop_NeonRed_pool_2,0.969192,4.744760,7.268940
712,pool_neon:MAT_Prop_NeonRed_pool_0,0.929586,3.253551,6.971895
712,pool_neon:MAT_Prop_NeonRed_pool_1,0.929586,4.637587,6.971895
712,pool_neon:MAT_Prop_NeonRed_pool_2,0.929586,4.550865,6.971895
713,pool_neon:MAT_Prop_NeonRed_pool_0,0.977260,3.420410,7.329450
713,pool_neon:MAT_Prop_NeonRed_pool_1,0.977260,4.875427,7.329450
713,pool_neon:MAT_Prop_NeonRed_pool_2,0.977260,4.784257,7.329450
714,pool_neon:MAT_Prop_NeonRed_pool_0,0.920740,3.222590,6.905550
714,pool_neon:MAT_Prop_NeonRed_pool_1,0.920740,4.593456,6.905550
714,pool_neon:MAT_Prop_NeonRed_pool_2,0.920740,4.507559,6.905550
715,pool_neon:MAT_Prop_NeonRed_pool_0,0.969180,3.392130,7.268850
715,pool_neon:MAT_Prop_NeonRed_pool_1,0.969180,4.835117,7.268850
715,pool_neon:MAT_Prop_NeonRed_pool_2,0.969180,4.744701,7.268850
716,pool_neon:MAT_Prop_NeonRed_pool_0,0.957726,3.352041,7.182945
716,pool_neon:MAT_Prop_NeonRed_pool_1,0.957726,4.777974,7.182945
716,pool_neon:MAT_Prop_NeonRed_pool_2,0.957726,4.688627,7.182945
717,pool_neon:MAT_Prop_NeonRed_pool_0,0.976641,3.418243,7.324807
717,pool_neon:MAT_Prop_NeonRed_pool_1,0.976641,4.872339,7.324807
717,pool_neon:MAT_Prop_NeonRed_pool_2,0.976641,4.781227,7.324807
718,pool_neon:MAT_Prop_NeonRed_pool_0,0.978084,3.423294,7.335630
718,pool_neon:MAT_Prop_NeonRed_pool_1,0.978084,4.879538,7.335630
718,pool_neon:MAT_Prop_NeonRed_pool_2,0.978084,4.788291,7.335630
719,pool_neon:MAT_Prop_NeonRed_pool_0,0.927678,3.246873,6.957585
719,pool_neon:MAT_Prop_NeonRed_pool_1,0.927678,4.628069,6.957585
719,pool_neon:MAT_Prop_NeonRed_pool_2,0.927678,4.541525,6.957585
